BAGUE JAPONAISE;BAGUE JAPONAISE DEMON;€69,90
BAGUE JAPONAISE;BAGUE JAPONAISE SAKANA;€49,90
BAGUE JAPONAISE;BAGUE JAPONAISE GRAVURES DRAGON;€49,90
BAGUE JAPONAISE;BAGUE JAPONAISE MANTRA KOMIYO;€49,90
BAGUE JAPONAISE;BAGUE JAPONAISE FLEUR DE LOTUS;€49,90
BAGUE JAPONAISE;BAGUE GRAVÉE EN INTÉRIEUR KINGU;€30
BAGUE JAPONAISE;BAGUE ASIATIQUE ACIER;€29,90
BAGUE JAPONAISE;BAGUE JAPONAISE LOTUS SUTRA;€49,90
BAGUE JAPONAISE;BAGUE JAPONAISE TAIGA;€49,90
BAGUE JAPONAISE;BAGUE BOUDDHA JAPONAIS;€19,90
BAGUE JAPONAISE;BAGUE CARPE KOÏ;€19,90
BAGUE JAPONAISE;BAGUE BOUDDHISTE ASIE;€54,90
