Produit;Prix;Image
Dream Big - T-Shirt;27,95;data:image/gifbase64,R0lGODlhAQABAAAAACH5BAEKAAEALAAAAAABAAEAAAICTAEAOw==
Buddha model kit - T-Shirt;27,95;data:image/gifbase64,R0lGODlhAQABAAAAACH5BAEKAAEALAAAAAABAAEAAAICTAEAOw==
Fenikkusu T-Shirt;27,95;data:image/gifbase64,R0lGODlhAQABAAAAACH5BAEKAAEALAAAAAABAAEAAAICTAEAOw==
Oriental Thunder God - T-Shirt;27,95;data:image/gifbase64,R0lGODlhAQABAAAAACH5BAEKAAEALAAAAAABAAEAAAICTAEAOw==
unleash emotion's complexity - T-Shirt;27,95;data:image/gifbase64,R0lGODlhAQABAAAAACH5BAEKAAEALAAAAAABAAEAAAICTAEAOw==
Taiko - T-Shirt;27,95;data:image/gifbase64,R0lGODlhAQABAAAAACH5BAEKAAEALAAAAAABAAEAAAICTAEAOw==
Kitsune - T-Shirt;27,95;data:image/gifbase64,R0lGODlhAQABAAAAACH5BAEKAAEALAAAAAABAAEAAAICTAEAOw==
Retsu - T-Shirt;27,95;data:image/gifbase64,R0lGODlhAQABAAAAACH5BAEKAAEALAAAAAABAAEAAAICTAEAOw==
Chinmoku - T-Shirt;27,95;data:image/gifbase64,R0lGODlhAQABAAAAACH5BAEKAAEALAAAAAABAAEAAAICTAEAOw==
Nebuta Festival - T-Shirt;27,95;data:image/gifbase64,R0lGODlhAQABAAAAACH5BAEKAAEALAAAAAABAAEAAAICTAEAOw==
pipa-playing Buddhist semi-deity - T-Shirt;27,95;data:image/gifbase64,R0lGODlhAQABAAAAACH5BAEKAAEALAAAAAABAAEAAAICTAEAOw==
Mudra - T-Shirt;27,95;data:image/gifbase64,R0lGODlhAQABAAAAACH5BAEKAAEALAAAAAABAAEAAAICTAEAOw==
Daruma - T-Shirt;27,95;data:image/gifbase64,R0lGODlhAQABAAAAACH5BAEKAAEALAAAAAABAAEAAAICTAEAOw==
Myth of Underworld - T-Shirt;27,95;data:image/gifbase64,R0lGODlhAQABAAAAACH5BAEKAAEALAAAAAABAAEAAAICTAEAOw==
The tiger - T-Shirt;27,95;data:image/gifbase64,R0lGODlhAQABAAAAACH5BAEKAAEALAAAAAABAAEAAAICTAEAOw==
Kamon - T-Shirt;27,95;data:image/gifbase64,R0lGODlhAQABAAAAACH5BAEKAAEALAAAAAABAAEAAAICTAEAOw==
Chinese Opera Masks - T-Shirt;27,95;data:image/gifbase64,R0lGODlhAQABAAAAACH5BAEKAAEALAAAAAABAAEAAAICTAEAOw==
Do no evil - T-Shirt;27,95;data:image/gifbase64,R0lGODlhAQABAAAAACH5BAEKAAEALAAAAAABAAEAAAICTAEAOw==
Fud? My?? - T-Shirt;27,95;data:image/gifbase64,R0lGODlhAQABAAAAACH5BAEKAAEALAAAAAABAAEAAAICTAEAOw==
"""w�i y? w� �r"" - T-Shirt";27,95;data:image/gifbase64,R0lGODlhAQABAAAAACH5BAEKAAEALAAAAAABAAEAAAICTAEAOw==
Neon - T-Shirt;27,95;data:image/gifbase64,R0lGODlhAQABAAAAACH5BAEKAAEALAAAAAABAAEAAAICTAEAOw==
Lucky cat with evil mask - T-Shirt;27,95;data:image/gifbase64,R0lGODlhAQABAAAAACH5BAEKAAEALAAAAAABAAEAAAICTAEAOw==
Wukong - T-Shirt;27,95;data:image/gifbase64,R0lGODlhAQABAAAAACH5BAEKAAEALAAAAAABAAEAAAICTAEAOw==
Addiction - T-Shirt;27,95;data:image/gifbase64,R0lGODlhAQABAAAAACH5BAEKAAEALAAAAAABAAEAAAICTAEAOw==
Monkey King - T-Shirt;27,95;data:image/gifbase64,R0lGODlhAQABAAAAACH5BAEKAAEALAAAAAABAAEAAAICTAEAOw==
Sins Exist In Human Minds - T-Shirt;27,95;data:image/gifbase64,R0lGODlhAQABAAAAACH5BAEKAAEALAAAAAABAAEAAAICTAEAOw==
Taming The Tiger - T-Shirt;27,95;data:image/gifbase64,R0lGODlhAQABAAAAACH5BAEKAAEALAAAAAABAAEAAAICTAEAOw==
Oiran X Temptation - T-Shirt;27,95;data:image/gifbase64,R0lGODlhAQABAAAAACH5BAEKAAEALAAAAAABAAEAAAICTAEAOw==
Vajra - T-Shirt;27,95;data:image/gifbase64,R0lGODlhAQABAAAAACH5BAEKAAEALAAAAAABAAEAAAICTAEAOw==
Oriental Youkai - T-Shirt;27,95;data:image/gifbase64,R0lGODlhAQABAAAAACH5BAEKAAEALAAAAAABAAEAAAICTAEAOw==
Oversized Ninja - T-Shirt;27,95;data:image/gifbase64,R0lGODlhAQABAAAAACH5BAEKAAEALAAAAAABAAEAAAICTAEAOw==
Mahjong - T-Shirt;27,95;data:image/gifbase64,R0lGODlhAQABAAAAACH5BAEKAAEALAAAAAABAAEAAAICTAEAOw==
Koinobori - T-Shirt;27,95;data:image/gifbase64,R0lGODlhAQABAAAAACH5BAEKAAEALAAAAAABAAEAAAICTAEAOw==
Black Tortoise - T-Shirt;27,95;data:image/gifbase64,R0lGODlhAQABAAAAACH5BAEKAAEALAAAAAABAAEAAAICTAEAOw==
Bull Sumo - T-Shirt;27,95;data:image/gifbase64,R0lGODlhAQABAAAAACH5BAEKAAEALAAAAAABAAEAAAICTAEAOw==
Buddha Head - T-Shirt;27,95;data:image/gifbase64,R0lGODlhAQABAAAAACH5BAEKAAEALAAAAAABAAEAAAICTAEAOw==
Tender Snake - T-Shirt;27,95;data:image/gifbase64,R0lGODlhAQABAAAAACH5BAEKAAEALAAAAAABAAEAAAICTAEAOw==
So Tired? - T-Shirt;27,95;data:image/gifbase64,R0lGODlhAQABAAAAACH5BAEKAAEALAAAAAABAAEAAAICTAEAOw==
Ebisu - T-Shirt;27,95;data:image/gifbase64,R0lGODlhAQABAAAAACH5BAEKAAEALAAAAAABAAEAAAICTAEAOw==
Ctrl+Z - T-Shirt;27,95;data:image/gifbase64,R0lGODlhAQABAAAAACH5BAEKAAEALAAAAAABAAEAAAICTAEAOw==
KOI - T-Shirt;27,95;data:image/gifbase64,R0lGODlhAQABAAAAACH5BAEKAAEALAAAAAABAAEAAAICTAEAOw==
Legendary creatures - T-Shirt;27,95;data:image/gifbase64,R0lGODlhAQABAAAAACH5BAEKAAEALAAAAAABAAEAAAICTAEAOw==
Roaring Ape - T-Shirt;27,95;data:image/gifbase64,R0lGODlhAQABAAAAACH5BAEKAAEALAAAAAABAAEAAAICTAEAOw==
Karma - T-Shirt;27,95;data:image/gifbase64,R0lGODlhAQABAAAAACH5BAEKAAEALAAAAAABAAEAAAICTAEAOw==
Chimei-teki - T-Shirt;27,95;data:image/gifbase64,R0lGODlhAQABAAAAACH5BAEKAAEALAAAAAABAAEAAAICTAEAOw==
Make something out of nothing - T-Shirt;27,95;data:image/gifbase64,R0lGODlhAQABAAAAACH5BAEKAAEALAAAAAABAAEAAAICTAEAOw==
Ctrl+Z - Hoodie;39,95;data:image/gifbase64,R0lGODlhAQABAAAAACH5BAEKAAEALAAAAAABAAEAAAICTAEAOw==
Wrathful Deity - Hoodie;48,95;data:image/gifbase64,R0lGODlhAQABAAAAACH5BAEKAAEALAAAAAABAAEAAAICTAEAOw==
Rogue wave - Hoodie;48,95;data:image/gifbase64,R0lGODlhAQABAAAAACH5BAEKAAEALAAAAAABAAEAAAICTAEAOw==
Zenko - Hoodie;48,95;data:image/gifbase64,R0lGODlhAQABAAAAACH5BAEKAAEALAAAAAABAAEAAAICTAEAOw==
Robotic Dog - Hoodie;43,95;data:image/gifbase64,R0lGODlhAQABAAAAACH5BAEKAAEALAAAAAABAAEAAAICTAEAOw==
Umarekawari - Hoodie;48,95;data:image/gifbase64,R0lGODlhAQABAAAAACH5BAEKAAEALAAAAAABAAEAAAICTAEAOw==
Panda Gang - Hoodie;48,95;data:image/gifbase64,R0lGODlhAQABAAAAACH5BAEKAAEALAAAAAABAAEAAAICTAEAOw==
Ebisu - Hoodie;43,95;data:image/gifbase64,R0lGODlhAQABAAAAACH5BAEKAAEALAAAAAABAAEAAAICTAEAOw==
Oni Mask - Hoodie;50,95;data:image/gifbase64,R0lGODlhAQABAAAAACH5BAEKAAEALAAAAAABAAEAAAICTAEAOw==
Mudra - Hoodie;48,95;data:image/gifbase64,R0lGODlhAQABAAAAACH5BAEKAAEALAAAAAABAAEAAAICTAEAOw==
Not to believe in luck - Hoodie;48,95;data:image/gifbase64,R0lGODlhAQABAAAAACH5BAEKAAEALAAAAAABAAEAAAICTAEAOw==
The tiger - Hoodie;48,95;data:image/gifbase64,R0lGODlhAQABAAAAACH5BAEKAAEALAAAAAABAAEAAAICTAEAOw==
The Year of Rabbit - Hoodie;48,95;data:image/gifbase64,R0lGODlhAQABAAAAACH5BAEKAAEALAAAAAABAAEAAAICTAEAOw==
Kabuto - Hoodie;48,95;data:image/gifbase64,R0lGODlhAQABAAAAACH5BAEKAAEALAAAAAABAAEAAAICTAEAOw==
Oiran X Temptation - Hoodie;48,95;data:image/gifbase64,R0lGODlhAQABAAAAACH5BAEKAAEALAAAAAABAAEAAAICTAEAOw==
Omamori - Hoodie;43,95;data:image/gifbase64,R0lGODlhAQABAAAAACH5BAEKAAEALAAAAAABAAEAAAICTAEAOw==
Neon - Hoodie;48,95;data:image/gifbase64,R0lGODlhAQABAAAAACH5BAEKAAEALAAAAAABAAEAAAICTAEAOw==
Vajra - Hoodie;48,95;data:image/gifbase64,R0lGODlhAQABAAAAACH5BAEKAAEALAAAAAABAAEAAAICTAEAOw==
unleash emotion's complexity - Sweatshirt;39,95;data:image/gifbase64,R0lGODlhAQABAAAAACH5BAEKAAEALAAAAAABAAEAAAICTAEAOw==
Dream Big - Sweatshirt;39,95;data:image/gifbase64,R0lGODlhAQABAAAAACH5BAEKAAEALAAAAAABAAEAAAICTAEAOw==
Lucky cat with evil mask - Sweatshirt;39,95;data:image/gifbase64,R0lGODlhAQABAAAAACH5BAEKAAEALAAAAAABAAEAAAICTAEAOw==
Wukong - Sweatshirt;39,95;data:image/gifbase64,R0lGODlhAQABAAAAACH5BAEKAAEALAAAAAABAAEAAAICTAEAOw==
Taiko - Sweatshirt;39,95;data:image/gifbase64,R0lGODlhAQABAAAAACH5BAEKAAEALAAAAAABAAEAAAICTAEAOw==
Emptiness - Sweatshirt;39,95;data:image/gifbase64,R0lGODlhAQABAAAAACH5BAEKAAEALAAAAAABAAEAAAICTAEAOw==
Retsu - Sweatshirt;39,95;data:image/gifbase64,R0lGODlhAQABAAAAACH5BAEKAAEALAAAAAABAAEAAAICTAEAOw==
Chinmoku - Sweatshirt;39,95;data:image/gifbase64,R0lGODlhAQABAAAAACH5BAEKAAEALAAAAAABAAEAAAICTAEAOw==
Buddha model kit - Sweatshirt;39,95;data:image/gifbase64,R0lGODlhAQABAAAAACH5BAEKAAEALAAAAAABAAEAAAICTAEAOw==
Umarekawari - Sweatshirt;39,95;data:image/gifbase64,R0lGODlhAQABAAAAACH5BAEKAAEALAAAAAABAAEAAAICTAEAOw==
Koinobori - Sweatshirt;39,95;data:image/gifbase64,R0lGODlhAQABAAAAACH5BAEKAAEALAAAAAABAAEAAAICTAEAOw==
Fenikkusu - Sweatshirt;39,95;data:image/gifbase64,R0lGODlhAQABAAAAACH5BAEKAAEALAAAAAABAAEAAAICTAEAOw==
The Year of Rabbit - Sweatshirt;39,95;data:image/gifbase64,R0lGODlhAQABAAAAACH5BAEKAAEALAAAAAABAAEAAAICTAEAOw==
Not to believe in luck - Sweatshirt;39,95;data:image/gifbase64,R0lGODlhAQABAAAAACH5BAEKAAEALAAAAAABAAEAAAICTAEAOw==
Addiction - Sweatshirt;39,95;data:image/gifbase64,R0lGODlhAQABAAAAACH5BAEKAAEALAAAAAABAAEAAAICTAEAOw==
Bravery - Sweatshirt;39,95;data:image/gifbase64,R0lGODlhAQABAAAAACH5BAEKAAEALAAAAAABAAEAAAICTAEAOw==
Chinese Opera Masks - Sweatshirt;39,95;data:image/gifbase64,R0lGODlhAQABAAAAACH5BAEKAAEALAAAAAABAAEAAAICTAEAOw==
Nezha - Sweatshirt;39,95;data:image/gifbase64,R0lGODlhAQABAAAAACH5BAEKAAEALAAAAAABAAEAAAICTAEAOw==
KOI - Sweatshirt;39,95;data:image/gifbase64,R0lGODlhAQABAAAAACH5BAEKAAEALAAAAAABAAEAAAICTAEAOw==
Karma - Sweatshirt;34,95;data:image/gifbase64,R0lGODlhAQABAAAAACH5BAEKAAEALAAAAAABAAEAAAICTAEAOw==
Chimei-teki - Sweatshirt;34,95;data:image/gifbase64,R0lGODlhAQABAAAAACH5BAEKAAEALAAAAAABAAEAAAICTAEAOw==
Daruma - Shorts;18,95;data:image/gifbase64,R0lGODlhAQABAAAAACH5BAEKAAEALAAAAAABAAEAAAICTAEAOw==
Wukong - Shorts;18,95;data:image/gifbase64,R0lGODlhAQABAAAAACH5BAEKAAEALAAAAAABAAEAAAICTAEAOw==
Sins Exist In Human Minds - Men's Sweatpants;33,95;data:image/gifbase64,R0lGODlhAQABAAAAACH5BAEKAAEALAAAAAABAAEAAAICTAEAOw==
Bushid? - Men's Sweatpants;33,95;data:image/gifbase64,R0lGODlhAQABAAAAACH5BAEKAAEALAAAAAABAAEAAAICTAEAOw==
Kitsune Warrior - 100% cotton flap pocket pants;50,95;data:image/gifbase64,R0lGODlhAQABAAAAACH5BAEKAAEALAAAAAABAAEAAAICTAEAOw==
Emptiness - 100% cotton flap pocket pants;50,95;data:image/gifbase64,R0lGODlhAQABAAAAACH5BAEKAAEALAAAAAABAAEAAAICTAEAOw==
Buddhism Dragon Guardian - Men's Sweatpants;33,95;data:image/gifbase64,R0lGODlhAQABAAAAACH5BAEKAAEALAAAAAABAAEAAAICTAEAOw==
Onigawara - 100% cotton flap pocket pants;50,95;data:image/gifbase64,R0lGODlhAQABAAAAACH5BAEKAAEALAAAAAABAAEAAAICTAEAOw==
Mecha-Danger Zone - 100% cotton flap pocket pants;50,95;data:image/gifbase64,R0lGODlhAQABAAAAACH5BAEKAAEALAAAAAABAAEAAAICTAEAOw==
Wukong - Men's Sweatpants;33,95;data:image/gifbase64,R0lGODlhAQABAAAAACH5BAEKAAEALAAAAAABAAEAAAICTAEAOw==
Daruma - Men's Sweatpants;33,95;data:image/gifbase64,R0lGODlhAQABAAAAACH5BAEKAAEALAAAAAABAAEAAAICTAEAOw==
Kabura-ya Men's Sweatpants;33,95;data:image/gifbase64,R0lGODlhAQABAAAAACH5BAEKAAEALAAAAAABAAEAAAICTAEAOw==
Mudra - Men's Sweatpants;33,95;data:image/gifbase64,R0lGODlhAQABAAAAACH5BAEKAAEALAAAAAABAAEAAAICTAEAOw==
"""w�i y? w� �r"" - Men's Sweatpants";33,95;data:image/gifbase64,R0lGODlhAQABAAAAACH5BAEKAAEALAAAAAABAAEAAAICTAEAOw==
Rogue Wave - Men's Sweatpants;33,95;data:image/gifbase64,R0lGODlhAQABAAAAACH5BAEKAAEALAAAAAABAAEAAAICTAEAOw==
Samurai Embroidered Baseball Cap;22,95;data:image/gifbase64,R0lGODlhAQABAAAAACH5BAEKAAEALAAAAAABAAEAAAICTAEAOw==
Nothing Is Permanent - Baseball Cap;22,95;data:image/gifbase64,R0lGODlhAQABAAAAACH5BAEKAAEALAAAAAABAAEAAAICTAEAOw==
Winter Beanie - Charcoal;11,95;data:image/gifbase64,R0lGODlhAQABAAAAACH5BAEKAAEALAAAAAABAAEAAAICTAEAOw==
Knit Beanie;11,95;data:image/gifbase64,R0lGODlhAQABAAAAACH5BAEKAAEALAAAAAABAAEAAAICTAEAOw==
Knit Beanie - Black;7,95;data:image/gifbase64,R0lGODlhAQABAAAAACH5BAEKAAEALAAAAAABAAEAAAICTAEAOw==
Hannya Samurai - 3D Metal Sticker;8,95;data:image/gifbase64,R0lGODlhAQABAAAAACH5BAEKAAEALAAAAAABAAEAAAICTAEAOw==
Daruma - 3D Metal Keychain;8,95;data:image/gifbase64,R0lGODlhAQABAAAAACH5BAEKAAEALAAAAAABAAEAAAICTAEAOw==
Japanese Hannya - 3D Metal Sticker;8,95;data:image/gifbase64,R0lGODlhAQABAAAAACH5BAEKAAEALAAAAAABAAEAAAICTAEAOw==
Great Wave - 3D Metal Sticker;8,95;data:image/gifbase64,R0lGODlhAQABAAAAACH5BAEKAAEALAAAAAABAAEAAAICTAEAOw==
Ghost Samurai - 3D Metal Sticker;8,95;data:image/gifbase64,R0lGODlhAQABAAAAACH5BAEKAAEALAAAAAABAAEAAAICTAEAOw==
Daruma - 3D Metal Sticker;8,95;data:image/gifbase64,R0lGODlhAQABAAAAACH5BAEKAAEALAAAAAABAAEAAAICTAEAOw==
Angry Cat - 3D Metal Sticker;8,95;data:image/gifbase64,R0lGODlhAQABAAAAACH5BAEKAAEALAAAAAABAAEAAAICTAEAOw==
