Name,School
Mrs. Abbott,Unknown
Hannah Abbott,Hogwarts - Hufflepuff
Abel Treetops,Unknown
Euan Abercrombie,Hogwarts - Gryffindor
Aberforth Dumbledore,Hogwarts - Student
Abernathy,Unknown
Abraham Peasegood,Unknown
Abraham Potter,Unknown
Abraxas Malfoy,Unknown
Achilles Tolliver,Unknown
Stewart Ackerley,Hogwarts - Ravenclaw
Adalbert Waffling,Unknown
Adrian Pucey,Hogwarts - Slytherin
Adrian Tutley,Unknown
three African wizards,Unknown
Agatha Chubb,Unknown
Agatha Timms,Unknown
Agilbert Fontaine,Unknown
Agnes,Unknown
Cornelius Agrippa,Unknown
Aidan Kiely,Unknown
Aidan Lynch,Unknown
Alasdair Maddock,Unknown
Alastor Gumboil,Unknown
Mad-Eye Moody,Hogwarts - Staff
Albanian peasant,Unknown
Alberic Grunnion,Unknown
Alberta Toothill,Unknown
Albert Boot,Unknown
Albert Jorkins,Unknown
Albert Runcorn,Unknown
Albert Tillyman,Unknown
Albus Dumbledore,Hogwarts - Staff\Hogwarts - Gryffindor
Albus Potter,Hogwarts - Slytherin
Alderton,Unknown
Arkie Alderton,Unknown
Alecto Carrow,Hogwarts - Staff
Alfred Cattermole,Unknown
Alguff the Awful,Unknown
Ali Bashir,Unknown
Alice Longbottom,Unknown
Alicia Spinnet,Hogwarts - Gryffindor
Aliko Okoye,Unknown
Raul Almeida,Unknown
Almerick Sawbridge,Unknown
Alejandra Alonso,Unknown
Alphard Black,Hogwarts - Slytherin
Altheda,Unknown
Amarillo Lestoat,Unknown
Amata,Unknown
Ambrosius Flume,Unknown
Amelia Susan Bones,Unknown
Amos Diggory,Unknown
Amy Benson,Unknown
Amycus Carrow,Hogwarts - Staff
P.C. Anderson,Unknown
Andorran Minister for Magic,Unknown
Andrew Kirke,Hogwarts - Gryffindor
Andromeda Tonks,Hogwarts - Slytherin
Andros the Invincible,Unknown
Angelina Johnson,Hogwarts - Gryffindor
Angelus Peel,Unknown
Angus Buchanan,Unknown
Angus Campbell,Unknown
Angus Fleet,Unknown
Angus McMangus,Unknown
Annis Black,Unknown
Anonymous,Unknown
Anthony Goldstein,Hogwarts - Ravenclaw
Antioch Peverell,Unknown
Antonin Dolohov,Unknown
Antonio,Unknown
Apolline Delacour,Unknown
Apollyon Pringle,Hogwarts - Staff
Mrs. Figg,Unknown
Aragog,Unknown
Araminta Meliflua,Unknown
Archer Evermonde,Unknown
Archibald Alderton,Unknown
Archie,Unknown
Archie Aymslowe,Unknown
Arcturus Black (1884),Hogwarts - Slytherin
Arcturus Black (1901),Hogwarts - Slytherin
Arcus,Unknown
Argus Filch,Hogwarts - Staff
Argus Pyrites,Unknown
Ariana Dumbledore,Unknown
Aristotle Twelvetrees,Unknown
Arkie Philpott,Unknown
Armand Malfoy,Unknown
Armando Dippet,Hogwarts - Staff
Armenian warlock,Unknown
Arnold,Unknown
Arnold Guzman,Unknown
Arnie Peasegood,Unknown
Arnulf Moe,Unknown
Arsenia Gonzales,Unknown
Arsenius Jigger,Unknown
Artemisia Lufkin,Hogwarts - Hufflepuff
Artemius Lawson,Unknown
Arthur's contact at the Floo Regulation Panel,Unknown
Arthur Weasley,Hogwarts - Gryffindor
Arturo Cephalopos,Unknown
Asha,Unknown
Astoria Greengrass,Unknown
Over-Attentive Wizard,Unknown
Bertram Aubrey,Hogwarts - Student
Audrey Weasley,Unknown
"Augusta ""Gran"" Longbottom",Unknown
Augustus Pye,Unknown
Augustus Rookwood,Unknown
Augustus Worme,Unknown
Auntie Muriel,Unknown
Aunt Marge Dursley,Unknown
Aurelius Dumbledore,Unknown
Aurora Sinistra,Hogwarts - Staff
Avery,Hogwarts - Slytherin
Babajide Akingbade,Uagadou
Babayaga,Unknown
Babbitty Rabbitty,Unknown
Bagman Sr.,Unknown
Ludo Bagman,Unknown
Otto Bagman,Unknown
Millicent Bagnold,Hogwarts - Ravenclaw
Bathilda Bagshot,Unknown
Kquewanda Bailey,Unknown
Ballyfumble Stranger,Unknown
Bandon Banshee,Unknown
Bane,Unknown
Heathcote Barbary,Unknown
José Barboza,Unknown
Bartholomew Barebone,Unknown
Chastity Barebone,Unknown
Credence Barebone,Unknown
Barebone Family,Unknown
Mary Lou Barebone,Unknown
Modesty Barebone,Unknown
Lucas Bargeworthy,Unknown
Barker,Unknown
Barnabas the Barmy,Unknown
Barnabas Cuffe,Unknown
Barnabas Deverill,Unknown
Barnabus Finkley,Unknown
Barnaby Snell,Unknown
Cousin Barny,Unknown
Barny the Fruitbat,Unknown
Barry Ryan,Unknown
Barty Crouch Jr.,Hogwarts - Staff
Barty Crouch Sr.,Unknown
Baruffio,Unknown
Basil,Unknown
Basil Flack,Unknown
Basil Horton,Unknown
Bathsheda Babbling,Hogwarts - Staff
Charlie Baverstock,Unknown
Beatrix Bloxam,Unknown
Beaumont Marjoribanks,Unknown
Beedle the Bard,Unknown
Herbert Beery,Hogwarts - Staff
Mr. Belby,Unknown
Humphrey Belcher,Unknown
Katie Bell,Hogwarts - Gryffindor
Brother Benedict,Unknown
Benedita Dourado,Castelobruxo
Benjy Fenwick,Unknown
Benjy Williams,Unknown
Bernadette,Unknown
Bernie Pillsworth,Unknown
Bertha Jorkins,Hogwarts - Student
Bertha Jorkins' second cousin,Unknown
Berthilde Roche,Unknown
Bertie Bott,Unknown
Bertie Higgs,Unknown
Bertrand de Pensées-Profondes,Unknown
BF,Unknown
Bill Weasley,Hogwarts - Gryffindor
Billy Stubbs,Unknown
Mr. Bingley,Unknown
Binky,Unknown
Professor Binns,Hogwarts - Staff
Brevis Birch,Unknown
Dennis Bishop,Unknown
Bellatrix Lestrange,Hogwarts - Slytherin
Belvina Black,Hogwarts - Slytherin
Callidora Black,Hogwarts - Slytherin
Cassiopeia Black,Hogwarts - Slytherin
Charis Black,Hogwarts - Slytherin
Cygnus Black,Hogwarts - Slytherin
Cygnus Black (1889),Hogwarts - Slytherin
Iola Black,Unknown
Marius Black,Unknown
Orion Black,Hogwarts - Slytherin
Phineas Black,Unknown
Pollux Black,Hogwarts - Slytherin
Dorea Black Potter,Hogwarts - Slytherin
Regulus Black,Hogwarts - Slytherin
Sirius Black,Hogwarts - Gryffindor
Cedrella Black Weasley,Hogwarts - Slytherin
Blagdon Blay,Unknown
Blaise Zabini,Hogwarts - Slytherin
Blaise Zabini's mother,Unknown
Susan Blancheflower,Unknown
Balfour Blane,Unknown
Blenheim Stalk,Unknown
Barnabus Blenkinsop,Unknown
Timothy Blenkinsop,Unknown
Bletchley,Unknown
Miles Bletchley,Hogwarts - Slytherin
Jean-Baptiste Bloncourt,Unknown
The Bloody Baron,Hogwarts - Slytherin
Blodwyn Bludd,Unknown
Bludgeoning Boggart of Old London Town,Unknown
"Bob, Bill, and Barnaby Ollerton",Unknown
Melinda Bobbin,Hogwarts - Student
Bob Hitchens,Unknown
Bob Ogden,Unknown
Broderick Bode,Unknown
Old Boggle of Canterbury,Unknown
Bogomil Levski,Unknown
Bogrod,Unknown
Sylvian Boigny,Unknown
Bole,Hogwarts - Slytherin
Hector Bolobolo,Unknown
Bonawentura Wójcik,Unknown
Mr. and Mrs. Bones,Unknown
Susan Bones,Hogwarts - Hufflepuff
Madame Bonhabille,Unknown
Brother Boniface,Unknown
Mr. Boot,Unknown
Mrs. Boot,Unknown
Chadwick Boot,Unknown
Gladys Boothby,Unknown
Webster Boot,Ilvermorny - Wampus
Libatius Borage,Castelobruxo
Mr. Borgin,Unknown
Borgin,Unknown
Boris the Bewildered,Unknown
Boris Vulchanov,Unknown
Craig Bowker Jr.,Hogwarts - Slytherin
Bowman Wright,Unknown
Bozo,Unknown
Bradley,Hogwarts - Ravenclaw
Barberus Bragge,Unknown
Bragging Young Wizard,Unknown
Betty Braithwaite,Unknown
Bran the Bloodthirsty,Unknown
Rudolf Brand,Unknown
Maximus Brankovitch III,Unknown
Brian Gadwilde,Unknown
Bridget Wenlock,Hogwarts - Hufflepuff
Bridget Wenlock's cousin,Unknown
Cormac O’Brien,Unknown
Karl and Kevin Broadmoor,Unknown
Brodrig the Boss-Eyed,Unknown
Lavender Brown,Hogwarts - Gryffindor
Bruno Schmidt,Unknown
Brutus Malfoy,Unknown
Brutus Scrimgeour,Unknown
Bruno Bruunhart,Unknown
Buckbeak,Unknown
Buckley Cooper,Unknown
Zygmunt Budge,Hogwarts - Student
K. Bundy,Hogwarts - Student
Bungy the Budgie,Unknown
Bunty,Unknown
Charity Burbage,Hogwarts - Staff
Burdock Muldoon,Unknown
Caractacus Burke,Unknown
Cadmus Peverell,Unknown
Cadwallader,Hogwarts - Hufflepuff
Calchas,Unknown
Lennox Campbell,Unknown
Cantankerus Nott,Unknown
S. Capper,Hogwarts - Student
Caradoc Dearborn,Unknown
Carlos Lopez,Unknown
Carlotta Pinkstone,Unknown
Eddie Carmichael,Hogwarts - Ravenclaw
Rancorous Carpe,Hogwarts - Staff
Carrow,Unknown
Caspar Crouch,Unknown
Cassandra Trelawney,Unknown
Cassandra Vablatsky,Unknown
Catriona McCormack,Unknown
Reginald Cattermole,Unknown
Catullus Spangle,Unknown
Cecilia,Unknown
Cecily,Unknown
Cedric Diggory,Hogwarts - Hufflepuff
Celestina Warbeck,Hogwarts - Gryffindor
Chambers,Hogwarts - Ravenclaw
Cho Chang,Hogwarts - Ravenclaw
Polly Chapman,Hogwarts - Student
Charity Wilkinson,Unknown
Charlie Weasley,Hogwarts - Gryffindor
Charlus Potter,Unknown
Chauncey Oldridge,Unknown
Glenda Chittock,Unknown
Herbert Chorley,Unknown
The Chosen One,Unknown
Winston Churchill,Unknown
Ciceron Harkiss,Unknown
Circe,Unknown
Elfrida Clagg,Unknown
Clairvius Hyppolite,Unknown
Clarisse Tremblay,Unknown
Ptolemy,Unknown
Penelope Clearwater,Hogwarts - Ravenclaw
Cliodna,Unknown
Carlos Clodoaldo,Unknown
Edgar Cloggs,Hogwarts - Student
João Coelho,Castelobruxo
Mrs. Cole,Unknown
Colin Creevey,Hogwarts - Gryffindor
Colonel Fubster,Unknown
Magenta Comstock,Unknown
Connolly,Unknown
cook at the Riddle House,Unknown
Howland Coopey,Unknown
Ritchie Coote,Hogwarts - Gryffindor
Corban Yaxley,Hogwarts - Slytherin
Cordelia Misericordia,Unknown
Cormack McLeod,Unknown
Cormac McLaggen,Hogwarts - Gryffindor
Cornelius Fudge,Unknown
Michael Corner,Hogwarts - Ravenclaw
Corvinus Gaunt,Hogwarts - Slytherin
Corvus Lestrange Jr.,Unknown
Corvus Lestrange Sr.,Unknown
Gregory Cotton,Unknown
Count Vlad Drakul,Unknown
"second cousin, the accountant",Unknown
Crabbe Sr.,Unknown
Ellen Cracknell,Unknown
Elfrida Cragg,Unknown
Mr. Creevey,Unknown
Mrs. Cresswell,Unknown
Dirk Cresswell,Hogwarts - Student
Cresswell sons,Unknown
Venusia Crickerly,Unknown
Delfina Crimp,Unknown
Professor Saul Croaker,Unknown
Doris Crockford,Unknown
Crispin Cronk,Unknown
Glinda Crook,Unknown
Crookshanks,Unknown
Mrs. Crouch,Unknown
Maximillian Crowdy,Unknown
Cuthbert Mockridge,Unknown
Cyclops,Unknown
Cyprian Youdle,Unknown
Dagbert Pips,Unknown
Hector Dagworth-Granger,Unknown
Dangerous Dai Llewellyn,Unknown
Daisy Dodderidge,Unknown
Daisy Hookum,Unknown
Daisy Pennifold,Unknown
Damocles Belby,Hogwarts - Student
Damocles Rowle,Unknown
Daphne Greengrass,Hogwarts - Student
Darius Smackhammer,Unknown
Dark Lord,Unknown
Darren Floyd,Unknown
Darren O'Hare,Unknown
Davey Gudgeon,Hogwarts - Student
Roger Davies,Hogwarts - Ravenclaw
John Dawlish,Unknown
Dean Thomas,Hogwarts - Gryffindor
Death,Unknown
Dedalus Diggle,Unknown
Fleur Delacour,Beauxbatons - Student
Sir Patrick Delaney-Podmore,Unknown
Lisette de Lapin,Unknown
Delphi,Unknown
Demelza Robins,Hogwarts - Gryffindor
Demetrius J. Prod,Unknown
Nearly-Headless Nick,Hogwarts - Gryffindor
Dempster Wiggleswade,Unknown
Dennis,Unknown
Dennis Creevey,Hogwarts - Gryffindor
Dennis Moon,Unknown
Derek,Hogwarts - Student
Derrick,Hogwarts - Slytherin
Dilys Derwent,Hogwarts - Staff
Derwent Shimpling,Unknown
Philbert Deverill,Unknown
Devlin Whitehorn,Unknown
Dexter Fortescue,Hogwarts - Staff
Diadema (Goshawk?),Unknown
Fernando Diaz,Unknown
Mrs. Diggory,Unknown
Delphini Diggory,Unknown
Eldritch Diggory,Unknown
Dimitrov,Unknown
Harold Dingle,Hogwarts - Student
Emma Dobbs,Hogwarts - Student
Dobby,Unknown
Dodgy Dirk,Unknown
Elphias Doge,Hogwarts - Student
Dolores Umbridge,Hogwarts - Staff\Hogwarts - Slytherin
Dominique Weasley,Unknown
Donaghan Tremlett,Unknown
Dorcas Meadowes,Unknown
Dorcus Twelvetrees,Unknown
Dorcas Wellbeloved,Unknown
Doris Purkiss,Unknown
Ragmar Dorkins,Unknown
J. Dorny,Hogwarts - Student
Dot,Unknown
Dougal,Unknown
Dougal McBride,Unknown
Dougal McGregor,Unknown
Distractible Douglas,Hogwarts - Student
Draco Malfoy,Hogwarts - Slytherin
Dimitar Draganov,Unknown
Dragomir Despard,Unknown
Dragomir Gorgovitch,Unknown
Filibuster,Unknown
Dr. Ubbly,Unknown
Druella Rosier,Unknown
Dugald McPhail,Unknown
Irma Dugard,Unknown
Matilda Dukelow,Unknown
Kendra Dumbledore,Unknown
Percival Dumbledore,Unknown
Dunbar Oglethorpe,Unknown
B. Dunstan,Hogwarts - Student
Priscilla Dupont,Unknown
Dudley Dursley,Unknown
Petunia Dursley,Unknown
Vernon Dursley,Unknown
Dylan Marwood,Unknown
Dymphna Furmage,Unknown
Dzou Yen,Unknown
Eargit the Ugly,Unknown
Earl of Paunchley,Unknown
Lorcan d'Eath,Unknown
Heinrich Eberstadt,Unknown
Edgar Bones,Unknown
Edgar Stroulger,Unknown
Marietta Edgecombe,Hogwarts - Ravenclaw
Edmund Gaddlegate,Unknown
Teddy Lupin,Hogwarts - Hufflepuff
Ted Tonks,Unknown
Egbert the Egregious,Unknown
Eglantine Puffett,Hogwarts - Hufflepuff
Egmont Elvert Hobday,Unknown
Eileen Prince Snape,Unknown
Ekrizdis,Unknown
Eldon Elsrickle,Unknown
Eldred Worple,Unknown
Eleanor Branstone,Unknown
Elfric the Eager,Unknown
Eliana,Unknown
Elias Grimstone,Unknown
Elias Story,Unknown
Elizabeth McGilliguddy,Unknown
Elizabeth Smudgling,Unknown
Queen Elizabeth I,Unknown
Elveira Elkins,Unknown
Elladora Black (1850),Unknown
Elladora Black (aunt of Sirius),Unknown
Elladora Guffy,Unknown
Elladora Ketteridge,Unknown
Ellerby,Unknown
Ellie Cattermole,Unknown
Elliot Smethwyck,Unknown
Elodie Dembélé,Unknown
Eloise Midgen/Eloise Midgeon,Hogwarts - Student
Elphinstone Urquart,Unknown
Elsie,Unknown
Elsie Prod,Unknown
Emeric the Evil,Unknown
Emeric Switch,Unknown
Emily Rappaport,Unknown
Emmeline Vance,Unknown
Enid Smeek,Unknown
Samuel Equiano,Unknown
Erica Stainwright,Unknown
Eric Munch,Unknown
Eric Whalley,Unknown
Ernie Macmillan,Hogwarts - Hufflepuff
Ernie Prang,Unknown
Errol,Unknown
Mrs. Esposito,Unknown
Ethelbald Mordaunt,Unknown
Ethelred the Ever-Ready,Unknown
Eugenia Jenkins,Unknown
Eulalie Hicks,Unknown
Eunice Murray,Unknown
Euphemia Potter,Unknown
Euphemia Rowle,Unknown
Eupraxia Mole,Hogwarts - Staff
Eurig Cadwallader,Unknown
Evangeline Orpington,Unknown
Evan Rosier,Unknown
Mr. Evans,Unknown
Mrs. Evans,Unknown
Everard,Hogwarts - Staff
Fabian Prewett,Unknown
Fabius Watkins,Unknown
Falco Aesalon,Unknown
Perpetua Fancourt,Hogwarts - Ravenclaw
Fang,Unknown
"Faris ""Spout-hole"" Spavin",Unknown
Gemma Farley,Hogwarts - Slytherin
The Fat Friar,Hogwarts - Hufflepuff
The Fat Lady,Unknown
Franziska Faust,Unknown
Miss S. Fawcett,Hogwarts - Ravenclaw
Fawkes,Unknown
Hector Fawley,Unknown
Felix Summerbee,Unknown
Fenrir Greyback,Unknown
Mervyn Fenwick,Unknown
Ferdinand Jägendorf,Unknown
Fergus,Unknown
Fifi LaFolle,Unknown
Finbar Quigley,Unknown
Mr Finch-Fletchley,Unknown
Mrs. Finch-Fletchley,Unknown
Fingal the Fearless,Unknown
Finn,Unknown
Mrs. Finnigan,Unknown
Mr. Finnigan,Unknown
Seamus Finnigan,Hogwarts - Gryffindor
Firenze,Hogwarts - Staff
Wilhelm Fischer,Unknown
O'Flaherty,Unknown
Ortiz O'Flaherty,Unknown
Nicolas Flamel,Beauxbatons - Student
Perenelle Flamel,Unknown
Flavius Belby,Unknown
Fleamont Potter,Hogwarts - Gryffindor
Fleetwood,Unknown
Hedley Fleetwood,Unknown
Able Fleming,Unknown
Mundungus Fletcher,Unknown
Laurentia Fletwock,Unknown
Josephina Flint,Unknown
Marcus Flint,Hogwarts - Slytherin
Filius Flitwick,Hogwarts - Staff\Hogwarts - Ravenclaw
Florean Fortescue,Unknown
Florence,Unknown
Gonçalo Flores,Unknown
Fluffy,Unknown
Flurry,Unknown
Theodard Fontaine,Unknown
Frank,Unknown
Frank Bryce,Unknown
Frank Longbottom,Unknown
Fred Weasley (II),Unknown
Fred Weasley,Hogwarts - Gryffindor
Otmar Frick,Unknown
Fridwulfa,Unknown
Mrs Fudge,Unknown
Rufus Fudge,Unknown
Fulbert the Fearful,Unknown
Gabrielle Delacour,Unknown
Gabriel Truman,Unknown
Galatea Merrythought,Hogwarts - Staff
Ottaline Gambol,Unknown
Ulick Gamp,Unknown
Garrick Ollivander,Hogwarts - Ravenclaw
Garvin Lünger,Unknown
Gaspard Shingleton,Unknown
Marvolo Gaunt,Unknown
Merope Gaunt,Unknown
Morfin Gaunt,Unknown
Gawain Robards,Unknown
Geoffrey Hooper,Hogwarts - Gryffindor
George Weasley,Hogwarts - Gryffindor
Georgina Smyth,Unknown
Georgios Xenakis,Unknown
Georgi Zdravko,Unknown
Geraint Ollivander,Unknown
Gerbold Octavius Ollivander,Unknown
Gerda Curd,Unknown
Gertie Keddle,Unknown
Gervaise Ollivander,Unknown
Ghosts of gloomy nuns,Unknown
Gibbon,Unknown
Gideon Crumb,Unknown
Gideon Flatworthy,Unknown
Gideon Prewett,Unknown
Gifford Ollerton,Unknown
Gilbert Wimple,Unknown
Gilderoy Lockhart,Hogwarts - Staff\Hogwarts - Ravenclaw
Ginny Weasley,Hogwarts - Gryffindor
Glanmore Peakes,Unknown
Glover Hipworth,Unknown
Gnarlak,Unknown
Godelot,Unknown
Queenie Goldstein,Ilvermorny - Puckwidgie
Golgomath,Unknown
Goliath,Unknown
Golpalott,Unknown
Gondoline Oliphant,Unknown
Goodwin Kneen,Unknown
Gordon,Unknown
Hesphaestus Gore,Unknown
Gormlaith Gaunt,Hogwarts - Student
Gornuk,Unknown
Miranda Goshawk (1921-),Unknown
Romilda (Goshawk?),Unknown
Tangwystl (Goshawk?),Unknown
Goyle Sr.,Unknown
Graham Pritchard,Hogwarts - Slytherin
Mr. Granger,Unknown
Mrs. Granger,Unknown
Hermione Granger,Hogwarts - Gryffindor
Hugo Granger-Weasley,Unknown
Rose Granger-Weasley,Hogwarts - Gryffindor
Granville Jorkins,Unknown
Gondulphus Graves,Unknown
Merton Graves,Unknown
Percival Graves,Unknown
Grawp,Unknown
Great Auntie Enid,Unknown
The Great Humberto,Unknown
Great Uncle Algie,Unknown
Greek chappie,Unknown
Gregorovitch,Unknown
Gregory Goyle,Hogwarts - Slytherin
Gregory the Smarmy,Unknown
Greta Catchlove,Unknown
The Grey Lady,Hogwarts - Ravenclaw
Glynnis Griffiths,Unknown
Wilda Griffiths,Unknown
Grimmson,Unknown
Robert Grimsditch,Unknown
Grimwold Jorkins,Unknown
Gellert Grindelwald,Durmstrang - Student
Gringott,Unknown
Griphook,Unknown
Griselda Harmonia Jorkins,Unknown
Griselda Marchbanks,Unknown
Grizel Hurtz,Unknown
Grogan Stump,Hogwarts - Hufflepuff
group of witches from the Salem Witches' Institute,Unknown
Stoyanka Grozda,Unknown
Wilhelmina Grubbly-Plank,Hogwarts - Staff
grubby-looking wizard,Unknown
Grugwyn Rufford,Unknown
Godric Gryffindor,Hogwarts - Staff
Malodora Grymm,Unknown
Galvin Gudgeon,Unknown
Gladys Gudgeon,Unknown
Zamira Gulch,Unknown
Gulliver Pokeby,Unknown
Gunhilda of Gorsemoor,Unknown
Gunhilda Kneen,Unknown
Gurg,Unknown
Guthrie Lochrin,Unknown
Gwendolyn Morgan,Unknown
Gwenog,Unknown
Gwenog Jones,Hogwarts - Student
Hagrid's father,Unknown
Hambledon Quince,Unknown
Hamish MacFarlan,Unknown
Hankerton Humble,Hogwarts - Staff
Hannah Cockleford,Unknown
Hans the Augurey,Unknown
"Hardwin, son of Linfred of Stinchcombe",Unknown
Harfang Longbottom,Unknown
Harfang Munter,Durmstrang - Staff
Harold Minchum,Unknown
Harold Skively,Unknown
Harper,Hogwarts - Slytherin
Harry Potter,Hogwarts - Gryffindor
Harvey Ridgebit,Unknown
Hassan Mostafa,Unknown
Havelock Sweeting,Unknown
Hector Lamont,Unknown
Hedwig,Unknown
Helena Ravenclaw,Hogwarts - Ravenclaw
Heliotrope Willis,Unknown
Helixa Hyslop,Unknown
Helmut Weiss,Unknown
Hengist of Upper Barnton,Unknown
Hengist of Woodcroft,Hogwarts - Hufflepuff
Henry,Unknown
King Henry VI,Unknown
Henry Shaw Jr.,Unknown
Henry Shaw,Unknown
Hepzibah Smith,Unknown
Herbert Burke,Unknown
Helbert Spleen,Unknown
Hereward,Unknown
Herman Junker,Unknown
Herman Wintringham,Unknown
Hermes,Unknown
Herpo the Foul,Unknown
Hesper Gamp,Unknown
Hesper Starkey,Unknown
Hestia Jones,Unknown
Hetty Bayliss,Unknown
Shanice Higgins,Unknown
Hippocrates Smethwyck,Unknown
Hilliard Hobday,Unknown
Violetta Hobday,Unknown
Hodrod the Horny-Handed,Unknown
Hokey,Unknown
Honest Willy Wagstaff,Unknown
Masaki Hongo,Mahoutokouro
Honoria,Unknown
Honoria Nutcombe,Unknown
Madam Hooch,Hogwarts - Staff
Mafalda Hopkirk,Unknown
Hoppy,Unknown
Kevin Hopwood,Unknown
Horace Slughorn,Hogwarts - Staff\Hogwarts - Slytherin
Olive Hornby,Hogwarts - Student
Hortensia Milliphutt,Unknown
Hope Howell Lupin,Unknown
Helga Hufflepuff,Hogwarts - Staff
Royston Idlewind,Unknown
Idris Oakby,Unknown
Iefan Rice,Unknown
Ignatia Wildsmith,Hogwarts - Ravenclaw
Ignatius Prewett,Unknown
Ignatius Tuft,Unknown
Ignotus Peverell,Unknown
Igor Karkaroff,Durmstrang - Staff
Illyius,Unknown
Ingolfr the Iambic,Unknown
Inigo Imago,Unknown
Iolanthe Peverell,Unknown
Irene Kneedander,Unknown
Irish Leprechauns,Unknown
Irma Crabbe,Unknown
Irma Pince,Hogwarts - Staff
Irving Warble,Unknown
Isadora Rose,Unknown
Isobel McGonagall,Hogwarts - Student
Isobel Ross,Unknown
Isolt Sayre,Unknown
Ivanova,Unknown
Ivan Popa,Unknown
Ivor Dillonsby,Unknown
Jack Sloper,Hogwarts - Gryffindor
Josiah Jackson,Unknown
Jacob Kowalski,Unknown
Jacques Miskine,Unknown
James Potter,Hogwarts - Gryffindor
James Sirius Potter,Hogwarts - Gryffindor
James Steward,Unknown
Janus Thickey,Unknown
Jarleth Hobart,Unknown
Mary Jauncey,Unknown
Jazz singer,Unknown
Karl Jenkins,Hogwarts - Student
Jackie Jernigan,Unknown
Leonard Jewkes,Unknown
Jim McGuffin,Unknown
Jimmy Peakes,Hogwarts - Gryffindor
Jocunda Sykes,Unknown
Joey Jenkins,Unknown
Johannes Jonker,Unknown
Sylvian Jolicoeur,Unknown
Mr. Jordan,Unknown
Lee Jordan,Hogwarts - Gryffindor
Primrose Jorkins,Unknown
Stamford Jorkins,Unknown
Joscelind Wadcock,Unknown
Josefina Calderon,Unknown
Josef Wronski,Unknown
Joseph Snuka,Unknown
Joshua Sankara,Unknown
Josiah Plunkett,Unknown
Jugson,Unknown
Justin Finch-Fletchley,Hogwarts - Hufflepuff
Justus Pilliwickle,Unknown
Laurena Kama,Unknown
Karkus,Unknown
Karl Wang,Unknown
Roland Kegg,Unknown
Kenneth Towler,Hogwarts - Student
Kennilworthy Whisp,Unknown
Silvanus Kettleburn,Hogwarts - Staff\Hogwarts - Hufflepuff 
Kevin,Unknown
Kevin Entwhistle,Unknown
Kevin's parents,Unknown
Kevin Whitby,Unknown
King Arthur,Unknown
King George III,Unknown
Kingsley Shacklebolt,Unknown
King William I,Unknown
Kirley Duke,Unknown
Porteus Knatchbull,Unknown
Quentin Kowalski,Unknown
Krafft,Unknown
Krall,Unknown
Kreacher,Hogwarts - Staff
Sigrid Kristoffersen,Unknown
Mr. Krum,Unknown
Mrs. Krum,Unknown
Viktor Krum,Durmstrang - Student
Kimiko Kurosawa,Mahoutokouro
Lachlan the Lanky,Unknown
Ladislaw Zamojski,Unknown
Lady Carmilla Sanguina,Unknown
Lady Grieve,Unknown
Stubby Lamont,Unknown
Lancelot,Unknown
Landislaw Zamojski,Unknown
Langdon Shaw,Unknown
Laura Madley,Unknown
Laverne de Montmorency,Hogwarts - Ravenclaw
Nobby Leach,Unknown
Leanne,Hogwarts - Student
Lenelle Paraison,Unknown
Leonard Spencer-Moon,Unknown
Leopoldina Smethwyk,Unknown
Leta Lestrange,Hogwarts - Slytherin
Radolphus Lestrange,Unknown
Leticia Somnolens,Unknown
Levina Monkstanley,Unknown
Levski,Unknown
Lilith Molesby,Unknown
Lily Moon,Unknown
Lily Potter,Hogwarts - Gryffindor
Lily Luna Potter,Hogwarts - Gryffindor
Linfred of Stinchcombe,Unknown
Lisa Turpin,Unknown
Sue Li,Hogwarts - Student
Livius,Unknown
Neville Longbottom,Hogwarts - Staff\Hogwarts - Gryffindor
Lorcan McLaird,Unknown
Lorcan Scamander,Unknown
Lord North,Unknown
Lord Palmerston,Unknown
Lord Stoddard Withers,Unknown
Lord Voldemort,Hogwarts - Slytherin
Louis Weasley,Unknown
Luna Lovegood,Hogwarts - Ravenclaw
Loxias,Unknown
Lucas Picquery,Unknown
Luciano Volpi,Unknown
Lucius Malfoy,Hogwarts - Slytherin
Lucius Malfoy (I),Unknown
Luc Millefeuille,Beauxbatons - Student
Lucretia Black,Unknown
Lucy Weasley,Unknown
Lars Lundekvam,Unknown
Remus Lupin,Hogwarts - Staff\Hogwarts - Gryffindor
Lyall Lupin,Unknown
Lycoris Black,Unknown
Lysander Scamander,Unknown
Lysandra Yaxley,Unknown
Morag Macdougal,Hogwarts - Ravenclaw
Macduff,Unknown
Mungo MacDuff,Unknown
MacFusty clan,Unknown
Walden Macnair,Unknown
Torquil MacTavish,Unknown
Madam Edgecombe,Unknown
Madam Eloise Mintumble,Unknown
Madam Marsh,Unknown
Madam Z. Nettles,Unknown
Madam Primpernelle,Unknown
Madam Puddifoot,Unknown
Madam Rosmerta,Unknown
Madam Ya Zhou,Unknown
Queen Maeve,Unknown
Mafalda,Unknown
"Magnus ""Dent Head"" Macdonald",Unknown
Magorian,Unknown
maid at the Riddle House,Unknown
Maisie Cattermole,Unknown
Malcolm,Unknown
Malcolm Baddock,Hogwarts - Slytherin
Malcolm McGonagall,Unknown
Malécrit,Unknown
Narcissa Malfoy,Hogwarts - Slytherin
Nicholas Malfoy,Unknown
Scorpius Malfoy,Hogwarts - Slytherin
Septimus Malfoy,Unknown
Madam Malkin,Unknown
Mallory Twiddle,Unknown
Roger Malone,Hogwarts - Student
Mandy Brocklehurst,Hogwarts - Ravenclaw
Marcus Belby,Hogwarts - Ravenclaw
Marius,Unknown
Mark Evans,Unknown
Marlene McKinnon,Unknown
Marlow,Unknown
"Martha, mother of James Steward",Unknown
Martha Sayre Steward's husband,Unknown
Martha Steward,Unknown
Martin Miggs,Unknown
Mary Dorkins,Unknown
Mary Elizabeth Cattermole,Unknown
Mary MacDonald,Unknown
Mr. and Mrs. Mason,Unknown
Mauler,Unknown
Olympe Maxime,Beauxbatons - Staff
McClaggan,Hogwarts - Gryffindor
McClivert Clan,Unknown
Meaghan McCormack,Unknown
Natalie McDonald,Hogwarts - Gryffindor
Minerva McGonagall,Hogwarts - Staff\Hogwarts - Gryffindor
"Robert McGonagall, The Reverend",Unknown
Quintia McQuoid,Unknown
Tarquin McTavish,Unknown
Megan Jones,Unknown
Melania Macmillan,Unknown
Melusine,Unknown
Mercy Ojukwu,Unknown
Mercy Wardwell,Unknown
Merlin,Hogwarts - Slytherin
Merwyn the Malicious,Unknown
Mentor Metaxas,Unknown
Millicent Bulstrode,Hogwarts - Slytherin
Milly,Unknown
Minette Lestrange,Unknown
Mirabella Plunkett,Unknown
Miranda Goshawk (fl. 1800),Unknown
Miriam Strout,Unknown
Mnemone Radford,Unknown
Modesty Rabnott,Unknown
Molly Weasley (II),Unknown
Molly Weasley,Unknown
Momolou Wotorson,Unknown
Monica Wilkins,Unknown
Monsieur Delacour,Unknown
Mr. and Mrs. Montague,Unknown
Montague,Hogwarts - Slytherin
Montague Knightly,Unknown
Montgomery sisters,Unknown
Regulus Moonshine,Unknown
Mopsus (Divination professor),Unknown
Mopsus (Greek soothsayer),Unknown
Mopsy Fleabert,Unknown
Moran,Unknown
Morgan,Unknown
Morgana / Morgan le Fay,Unknown
Valmai Morgan,Unknown
Morholt,Unknown
Morrigan,Unknown
Mortlake,Unknown
Mosag,Unknown
Old Mother Hubbard,Unknown
Mulciber,Hogwarts - Slytherin
Mullet,Unknown
Zacharias Mumps,Unknown
Mungo Bonham,Unknown
Murcus,Unknown
Musidora Barkwith,Unknown
Mustafa Kama,Unknown
Mylor Sylvanus,Unknown
Myron Otherhaus,Unknown
Myron Wagtail,Unknown
Myrtle Warren,Hogwarts - Ravenclaw
Moaning Myrtle,Hogwarts - Ravenclaw
Nagel,Unknown
Nagini,Unknown
Nagnok,Unknown
Narinder Singh,Unknown
Niko Nenad,Unknown
Nerida Vulchanova,Durmstrang - Staff
Neville's Grandad,Unknown
Newt Scamander,Hogwarts - Hufflepuff
Newt Scamander's mother,Unknown
Ngapo Ponika,Unknown
Phineas Nigellus Black,Hogwarts - Staff\Hogwarts - Slytherin
Nikola Vassileva,Unknown
Norbert/Norberta,Unknown
Noriko Sato,Mahoutokouro
Mrs. Norris,Unknown
Norvel Twonk,Unknown
Nott,Unknown
Theodore Nott,Hogwarts - Slytherin
Günther the Violent,Unknown
Nugent Potts,Unknown
Nymphadora Tonks,Hogwarts - Hufflepuff
Oakden Hobday,Unknown
Otto Obermeier,Unknown
Mr. Oblansk (or Obalonsk),Unknown
Octavius Pepper,Unknown
Winkus Oddpick,Unknown
Oddvar Spillum,Unknown
Odo the Hero,Unknown
Ogden,Unknown
Tiberius Ogden,Unknown
Ogg,Hogwarts - Staff
Olaf,Unknown
Olive Hornby's brother,Unknown
Oliver Rivers,Hogwarts - Student
Oliver Wood,Hogwarts - Gryffindor
Oliver Wood's parents,Unknown
through the Omnioculars,Unknown
Oona,Unknown
Orabella Nuttley,Unknown
Orford Umbridge,Unknown
Orla Quirke,Hogwarts - Ravenclaw
Orsino Thruston,Unknown
Unctuous Osbert,Unknown
Oswald Beamish,Unknown
Owen Cauldwell,Unknown
Pandora Lovegood,Unknown
Panju Weasley,Hogwarts - Gryffindor
Pansy Parkinson,Hogwarts - Slytherin
Paracelsus,Unknown
Perseus Parkinson,Unknown
Walter Parkin,Unknown
Mr. and Mrs. Patil,Unknown
Padma Patil,Hogwarts - Ravenclaw
Parvati Patil,Hogwarts - Gryffindor
Patricia Stimpson,Unknown
Patrick,Unknown
patrons at the Hanged Man,Unknown
Randolph Pauncefoot,Unknown
Mr. Paws,Unknown
Mr. Payne,Unknown
Peeves,Unknown
Miss Pennyfeather,Unknown
Phoebus Penrose,Unknown
Percy Weasley,Hogwarts - Gryffindor
Perkins,Unknown
Sally-Anne Perks,Hogwarts - Student
Petrova Porskoff,Unknown
Peter Pettigrew,Hogwarts - Gryffindor
Thorsten Pfeffer,Unknown
Phineas Fletcher,Unknown
Phyllida Spore,Unknown
Pickett,Unknown
Pierre Bonaccord,Unknown
Piers Polkiss,Unknown
Pigwidgeon,Unknown
Pinky,Unknown
Pius Thicknesse,Unknown
platform guard,Unknown
Yardley Platt,Unknown
Samuel Plunkett,Unknown
Royden Poke,Unknown
Poliakoff,Durmstrang - Student
Mrs. Polkiss,Unknown
Pomona Sprout,Hogwarts - Staff\Hogwarts - Hufflepuff 
Poppy,Unknown
Poppy Pomfrey,Hogwarts - Staff
Quong Po,Unknown
Tina Goldstein,Ilvermorny - Thunderbird
Portkey Tout,Unknown
"Henry ""Harry"" Potter",Unknown
Mrs. Potter nee Fleamont,Unknown
Prendergast,Hogwarts - Staff
Mr. Prentice,Unknown
Pringle,Unknown
D.J. Prod,Unknown
Mrs. Prod,Unknown
Professor Mordicus Egg,Unknown
Quirinus Quirrell,Hogwarts - Ravenclaw
Professor Tofty,Unknown
Professor Vector,Hogwarts - Staff
Proudfoot,Unknown
Prudence,Unknown
Quintia Qarase,Unknown
Samuel G. Quahog,Unknown
Queenie Greengrass,Hogwarts - Slytherin
Queen Victoria,Unknown
Quentin Trimble,Unknown
Quigley,Unknown
Quintius Umfraville,Unknown
Quintus Harcourt,Unknown
Rabastan Lestrange,Hogwarts - Slytherin
Urquhart Rackharrow,Unknown
Raczidian,Unknown
Radolphus Pittiman,Unknown
Radulf,Unknown
Rafael Santos,Unknown
Ragnok the Pigeon-Toed,Unknown
Ragnuk the First,Unknown
Ralston Potter,Unknown
Randolph Keitch,Unknown
Randolph Spudmore,Unknown
Rapier,Unknown
Xavier Rastrick,Unknown
Rowena Ravenclaw,Hogwarts - Staff
Rawya Zaghloul,Unknown
Receptionist,Unknown
Red,Unknown
Regulus Black (1906),Unknown
Mr. and Mrs. Riddle,Unknown
Tom Marvolo Riddle,Hogwarts - Slytherin
Rionach Sayre,Unknown
Rionach Steward,Unknown
Ripper,Unknown
Rita Skeeter,Unknown
River,Unknown
Robert Hilliard,Unknown
"Robert McGonagall, Jr.",Unknown
Mrs. Roberts,Unknown
Mr. Roberts,Unknown
two Roberts children,Unknown
Roddy Pontner,Unknown
Rodent,Unknown
Roderick Plumpton,Unknown
Rodolphus Lestrange,Hogwarts - Slytherin
Rolf Scamander,Unknown
Romilda Vane,Hogwarts - Gryffindor
Romulus,Unknown
Ron Weasley,Hogwarts - Gryffindor
Ronan,Unknown
Roonil Wazlib,Unknown
Rosalind Antigone Bungs,Unknown
Rose Zeller,Unknown
Rowle,Unknown
Thorfinn Rowle,Unknown
J. K. Rowling,Unknown
Roxanne Weasley,Unknown
Royal,Unknown
Rubeus Hagrid,Hogwarts - Staff\Hogwarts - Gryffindor
Ruby,Unknown
Rudolph Spielman,Unknown
Rufus Scrimgeour,Unknown
Runcorn,Unknown
Rupert 'Axebanger' Brookstanton,Unknown
Rutherford Poke,Unknown
Ryuichi Yamaguchi,Mahoutokouro
Sacharissa Tugwood,Unknown
Sally Smith,Hogwarts - Student
Sam,Unknown
Samson Wiblin,Unknown
Sanguini,Unknown
Selina Sapworthy,Unknown
Savage,Unknown
Sayre Family,Unknown
Scabbers,Unknown
Scabior,Unknown
Theseus Scamander,Unknown
Scarpin,Unknown
Scrivenshaft,Unknown
Selwyn,Unknown
Septimus Weasley,Unknown
Seraphina Picquery,Ilvermorny - Horned Serpent
Sgt. Fisher,Unknown
Shikoba Wolfe,Unknown
Shintaro Shingo,Mahoutokouro
Sidney Todd,Unknown
Tony Silva,Unknown
Silvio Astolfi,Unknown
Sir Cadogan,Hogwarts - Gryffindor
Sir Herbert Varney,Unknown
Sirius Black (1845),Unknown
Sirius Black (1877),Unknown
Sir Luckless,Unknown
Skender,Unknown
Mrs. Skowers,Unknown
Wilbert Slinkhard,Unknown
Salazar Slytherin,Hogwarts - Staff
Slytherin fifth-year,Unknown
Zacharias Smith,Hogwarts - Hufflepuff
Severus Snape,Hogwarts - Staff\Hogwarts - Slytherin
Tobias Snape,Unknown
Snatchers,Unknown
Snickerton,Unknown
Snowy,Unknown
Sophie Roper,Unknown
Sorting Hat,Hogwarts - Gryffindor
Sparky,Unknown
Able Spudmore,Unknown
Stan Shunpike,Unknown
Stebbins,Hogwarts - Hufflepuff
Stebbins (Auror),Unknown
Stephen Cornfoot,Hogwarts - Ravenclaw
St. Mungo,Unknown
Stubby Boardman,Unknown
students,Unknown
Sturgis Podmore,Unknown
Sudanese Obscurial,Unknown
Su Li,Hogwarts - Ravenclaw
Summerby,Unknown
Mr. Summers,Unknown
Summers,Unknown
Sybill Trelawney,Hogwarts - Staff
Symposia Rawle,Unknown
Syna Hyslop,Unknown
Tatting,Unknown
Ted,Unknown
Tenebrus,Unknown
Terence Higgs,Unknown
Terry Boot,Hogwarts - Ravenclaw
Tertius,Unknown
Theophilus Abbott,Unknown
Thiago Quintana,Unknown
Mr. and Mrs. Thomas,Unknown
Thornton Harkaway,Unknown
Thaddeus Thurkell,Unknown
Mr. Tibbles,Unknown
Tiberius,Unknown
Violet Tillyman,Unknown
Tilly Toke,Unknown
tiny old wizard in violet cloak,Unknown
title,Unknown
Titus,Unknown
Todoroki,Mahoutokouro
Tom,Unknown
Tom (Bowtruckle),Unknown
Tom Riddle Sr.,Unknown
Tilden Toots,Unknown
Tracey Davis,Unknown
Travers,Unknown
Torquil Travers,Unknown
Trevor,Unknown
Trocar,Hogwarts - Staff
Troy,Unknown
Tuft Family,Unknown
Tufty,Unknown
twenty Ministry wizards,Unknown
Twilfitt,Unknown
Wilkie Twycross,Unknown
Ugga,Unknown
Ug the Unreliable,Unknown
Dolores Umbridge's brother,Unknown
Uncle Bilius,Unknown
Uncle Nobby,Unknown
Muggle tramp,Unknown
two unnamed Muggles in London,Unknown
unnamed witch in Bath,Unknown
Urg the Unclean,Unknown
Uric the Oddball,Hogwarts - Ravenclaw
Urquhart,Hogwarts - Slytherin
Ursula Flint,Unknown
Vaisey,Hogwarts - Slytherin
Valentina Vázquez,Unknown
vampire now unable to eat anything but lettuce,Unknown
Vargot,Unknown
Verity,Unknown
Vernon Dudley,Unknown
Veronica Smethley,Unknown
Vicky Frobisher,Hogwarts - Gryffindor
Victoire Weasley,Hogwarts - Student
Vincent Duc de Trefle-Picques,Beauxbatons - Student
Vincent Crabbe,Hogwarts - Slytherin
Vinda Rosier,Unknown
Violet,Unknown
Violetta Beauvais,Unknown
Violetta Bulstrode,Unknown
Vindictus Viridian,Unknown
Volkov,Unknown
Vulchanov,Unknown
Wailing Widow,Unknown
Yoshi Wakahisa,Mahoutokouro
Wakanda,Unknown
Walburga Black,Hogwarts - Slytherin
Wand-shine Elf,Unknown
Warrington,Hogwarts - Slytherin
Warty Harris,Unknown
Wayne Hopkins,Unknown
Weatherby,Unknown
Webster Boot's wife,Unknown
Wendelin the Weird,Unknown
Wendell Wilkins,Unknown
Willi Wenzel,Unknown
Wilhelm Wigworthy,Unknown
Wilfred Elphick,Unknown
Wilfred the Wistful,Unknown
Wilhelmina Tuft,Unknown
Wilkes,Unknown
William,Unknown
William Sayre,Unknown
Williamson,Unknown
Willy Widdershins,Unknown
Winky,Unknown
Witherwings,Unknown
wizard with a walrus moustache,Unknown
Wladyslaw Wolfke,Unknown
Wool Woman,Unknown
World Cup Mediwizards,Unknown
Wormtail,Hogwarts - Gryffindor
Wyvern of Wye,Unknown
Xenophilius Lovegood,Unknown
Yann Fredericks,Hogwarts - Student
yeti with a head-cold,Unknown
Young Red-Haired Witch,Unknown
Yusuf Kama,Unknown
Yvonne,Unknown
Zacharias Smith's father,Unknown
Zograf,Unknown
Zonko,Unknown
