VESTE JAPONAISE - BOMBER JAPONAIS;BOMBERS JAPONAIS ARASHI;79,9;https://nekketsu.store/cdn/shop/products/bombers-japonais-br-arashi-14418147606575_1600x.jpg?v=1668637353
VESTE JAPONAISE - BOMBER JAPONAIS;BOMBERS JAPONAIS IRUTORI;79,9;https://nekketsu.store/cdn/shop/products/bombers-japonais-br-irutori-14418153275439_1600x.jpg?v=1668638243
VESTE JAPONAISE - BOMBER JAPONAIS;BOMBERS JAPONAIS BYAKKO;79,9;https://nekketsu.store/cdn/shop/products/bombers-japonais-br-byakko-14418155929647_1600x.jpg?v=1668637527
VESTE JAPONAISE - BOMBER JAPONAIS;BOMBERS JAPONAIS SHENRON;79,9;https://nekketsu.store/cdn/shop/products/bombers-japonais-br-shenron-14418156945455_1600x.jpg?v=1668639519
VESTE JAPONAISE - BOMBER JAPONAIS;BOMBERS JAPONAIS SHINBORU;Épuisé;https://nekketsu.store/cdn/shop/products/bombers-japonais-br-shinboru-14418148360239_1600x.jpg?v=1668639337
VESTE JAPONAISE - BOMBER JAPONAIS;BOMBERS JAPONAIS FUCHO;79,9;https://nekketsu.store/cdn/shop/products/bombers-japonais-br-fucho-14418154061871_1600x.jpg?v=1668637707
VESTE JAPONAISE - BOMBER JAPONAIS;BOMBERS JAPONAIS YOSO;79,9;https://nekketsu.store/cdn/shop/products/bombers-japonais-br-yoso-14418153799727_1600x.jpg?v=1668639501
VESTE JAPONAISE - BOMBER JAPONAIS;BOMBERS JAPONAIS AKUMA;79,9;https://nekketsu.store/cdn/shop/products/bombers-japonais-br-akuma-14418157371439_1600x.jpg?v=1668637162
VESTE JAPONAISE - BOMBER JAPONAIS;BOMBERS JAPONAIS HALLYU STYLE;79,9;https://nekketsu.store/cdn/shop/products/bombers-japonais-br-hallyu-style-14418188795951_50x.png?v=1668638260
VESTE JAPONAISE - BOMBER JAPONAIS;BOMBERS JAPONAIS PILOT ARMY;79,9;https://nekketsu.store/cdn/shop/products/bombers-japonais-br-pilot-army-14418149638191_50x.jpg?v=1668646537
VESTE JAPONAISE - BOMBER JAPONAIS;BOMBERS JAPONAIS PAIROTTO;79,9;https://nekketsu.store/cdn/shop/products/bombers-japonais-br-pairotto-14418148851759_50x.jpg?v=1668638607
VESTE JAPONAISE - BOMBER JAPONAIS;BOMBERS JAPONAIS OKAMI;79,9;https://nekketsu.store/cdn/shop/products/bombers-japonais-br-okami-14418341593135_50x.jpg?v=1668638428
