Jupe Japonaise;JUPES IMPRIMÉES JAPONAISES;49,99;https://tenko.fr/cdn/shop/products/He78802b3ddd3490e8639941ebb40fb4ec.jpg?v=1644507980&width=1080
Jupe Japonaise;JUPE JAPONAISE KAWAII;39,99;https://tenko.fr/cdn/shop/products/S2d0623f89f8f4cc88e2e9a8bfbc040fd2.jpg?v=1644507981&width=1080
Jupe Japonaise;JUPE LONGUE JAPONAISE;49,99;https://tenko.fr/cdn/shop/products/Hd688f28049bd47009e4e845faa7b575ct.jpg?v=1644577773&width=1080
Jupe Japonaise;JUPE EN JEAN TAILLE HAUTE;44,99;https://tenko.fr/cdn/shop/products/H698bd53ebaf74f49af51bbee7ad07331o.jpg?v=1644507997&width=1080
Jupe Japonaise;JUPE ECOLIERE JAPONAISE;39,99;https://tenko.fr/cdn/shop/products/Sc4a3f5f48ffa45d09939b696d148b553P.jpg?v=1677365894&width=1080
Jupe Japonaise;JUPE JAPONAISE TRADITIONNELLE;64,99;https://tenko.fr/cdn/shop/products/Hec34ba9011e64c1b8cfcc514ab4ae43fQ.jpg?v=1644508767&width=1080
Jupe Japonaise;JUPE JAPONAISE FEMME;49,99;https://tenko.fr/cdn/shop/products/Hd50d96ece4554fa98803eb4d3f8d35bdR.jpg?v=1644508876&width=1080
Jupe Japonaise;JAPONAISE JUPE COURTE;39,99;https://tenko.fr/cdn/shop/products/H78cf46af36324585b623935d75e286a9y.jpg?v=1644508972&width=1080
Jupe Japonaise;JUPE PLISSÉ JAPONAISE;29,99;https://tenko.fr/cdn/shop/products/Ha6a0fb65f51d49acbb81ab05cde86156d.jpg?v=1644509067&width=1080
Jupe Japonaise;JUPE VINTAGE;34,99;https://tenko.fr/cdn/shop/products/Se5abc8c80db7484c8be44c38d116d770i.jpg?v=1644509155&width=1080
