Pantalon Japonais;PANTALON JAPONAIS TRADITIONNEL;54,99;https://tenko.fr/cdn/shop/files/Sfe39573e7a354506a3735ccd6daf1b03b.jpg?v=1683633980&width=1080
Pantalon Japonais;PANTALON CARGO LARGE;44,99;https://tenko.fr/cdn/shop/files/Haa839dc97e64497291fa9df3b32815cdau.png?v=1683635640&width=1080
Pantalon Japonais;PANTALON JAPONAIS FEMME;39,99;https://tenko.fr/cdn/shop/products/H546641380ec142e78e8e23f2b19fa7574.jpg?v=1683740615&width=1080
Pantalon Japonais;PANTALON JOGGING CARGO HOMME;39,99;https://tenko.fr/cdn/shop/files/S8c321be1565a46f3b5504a164bbf9fb4i.jpg?v=1683640325&width=1080
Pantalon Japonais;PANTALON CARGO FEMME TAILLE HAUTE;39,99;https://tenko.fr/cdn/shop/files/Sa934ad3ff3384af5aec4f5a37314452c4.jpg?v=1687774457&width=1080
Pantalon Japonais;PANTALON TECHWEAR;44,99;https://tenko.fr/cdn/shop/files/H29c49a5f5b3d44a59b0650cfe2f970abR.jpg?v=1683745820&width=1080
Pantalon Japonais;PANTALON CARGO JAPONAIS;44,99;https://tenko.fr/cdn/shop/products/Hb69b643ae1404be08f095e6d6fc2211b3.jpg?v=1681915676&width=1080
Pantalon Japonais;JOGGING STYLÃ‰ HOMME;39,99;https://tenko.fr/cdn/shop/files/Se2a1c72a62fb4ce2bb7da451f7a4ba93f.jpg?v=1683643421&width=1080
Pantalon Japonais;PANTALON TIE DYE HOMME;59,99;https://tenko.fr/cdn/shop/products/Captured_ecran2023-04-19172454.png?v=1681918202&width=1080
Pantalon Japonais;FEMME PANTALON CARGO;59,99;https://tenko.fr/cdn/shop/products/H079d0ea8788542f793e8c10f1f852748X.jpg?v=1644245943&width=1080
Pantalon Japonais;STYLE PANTALON CARGO HOMME;44,99;https://tenko.fr/cdn/shop/files/H4b86d710d33b487393bab376c4863a59T.jpg?v=1683642091&width=1080
Pantalon Japonais;PANTALON JEAN LARGE FEMME;44,99;https://tenko.fr/cdn/shop/files/H741764c919ff494b84edad72522efa2a8.jpg?v=1683644920&width=1080
Pantalon Japonais;PANTALON CARGO FILLE;29,99;https://tenko.fr/cdn/shop/files/H6e37ab0a62b84991bc915ebf248b51ecQ.jpg?v=1683734500&width=1080
Pantalon Japonais;CARGO PANTALON FEMME;39,99;https://tenko.fr/cdn/shop/files/S8b08b401fe1847858321a9c6835a3c8ce.png?v=1685965105&width=1080
Pantalon Japonais;PANTALON LARGE JEAN;69,99;https://tenko.fr/cdn/shop/products/S1d513d9a9b914ec4b4e5a3bfd6f81fa8K.jpg?v=1644245955&width=1080
Pantalon Japonais;PANTALON CARGO TECHWEAR;59,99;https://tenko.fr/cdn/shop/products/Hdb6ec88ba8094f3d990a012024b8356eu.jpg?v=1644246697&width=1080
Pantalon Japonais;PANTALON CARGO NOIR FEMME;44,99;https://tenko.fr/cdn/shop/products/H6dc7ab853093415d8e27c46e8c43b5860.jpg?v=1644245953&width=1080
Pantalon Japonais;PANTALON HOMME JAPONAIS;44,99;https://tenko.fr/cdn/shop/files/S6bf96c3fae8b435fa03c665c572e77e48.jpg?v=1683748370&width=1080
Pantalon Japonais;CARGO PANTALON HOMME;49,99;https://tenko.fr/cdn/shop/products/Hab69dcbc7cdd44bdb4fbdc834af32a64x.jpg?v=1644245953&width=1080
Pantalon Japonais;PANTALON JAPONAIS SAMOURAI;49,99;https://tenko.fr/cdn/shop/products/Sb158b7ce1bbd42e6a6fb1fa56f12b269m.jpg?v=1644247236&width=1080
Pantalon Japonais;HOMME PANTALON CARGO;89,99;https://tenko.fr/cdn/shop/products/H291e87c7d8de4aaa8b6b6fa9a4a1c417m.jpg?v=1644256426&width=1080
Pantalon Japonais;PANTALON JAPONAIS POUR HOMME;59,99;https://tenko.fr/cdn/shop/products/H1113f68c470c464aa0dd2b390ff7aefbA.jpg?v=1644256698&width=1080
Pantalon Japonais;PANTALON STYLE JAPONAIS;34,99;https://tenko.fr/cdn/shop/products/H1098eaaadd1140629370492997f829feD.jpg?v=1644256833&width=1080
Pantalon Japonais;PANTALON FEMME CARGO;44,99;https://tenko.fr/cdn/shop/products/Hdf471deb57174e769295bb2d24cdf647w2.jpg?v=1644593180&width=1080
Pantalon Japonais;PANTALON JAPONAIS HOMME;44,99;https://tenko.fr/cdn/shop/products/H08c54b31a9a74e2b8381775113857414m.jpg?v=1644257249&width=1080
Pantalon Japonais;PANTALON CARGO HOMME STREETWEAR;59,99;https://tenko.fr/cdn/shop/products/H968cdd7fe88a451987244f38d252ff8bS.jpg?v=1644256437&width=1080
Pantalon Japonais;PANTALON LARGE STYLE JAPONAIS;69,99;https://tenko.fr/cdn/shop/products/He5b23e37e6b24a09ba210617f09eb9b9D.jpg?v=1644257391&width=1080
Pantalon Japonais;PANTALON CARGO STREETWEAR;59,99;https://tenko.fr/cdn/shop/products/H7e572bda364744f3b0e29d0eb246970a9.jpg?v=1644256447&width=1080
Pantalon Japonais;PANTALON JAPONAIS HAKAMA;64,99;https://tenko.fr/cdn/shop/products/H61d5f481a2a64299b564020649865aacF.jpg?v=1644257514&width=1080
Pantalon Japonais;PANTALON LARGE JAPONAIS;49,99;https://tenko.fr/cdn/shop/products/H010c55b7fe674f93b94e5375f888a29fD.jpg?v=1644257619&width=1080
Pantalon Japonais;PANTALON JAPONAIS NIKKA;79,99;https://tenko.fr/cdn/shop/products/HTB1vQ3daf1H3KVjSZFBq6zSMXXa6.jpg?v=1644257765&width=1080
Pantalon Japonais;PANTALON JOGGER HOMME;44,99;https://tenko.fr/cdn/shop/products/He9ce9932b21f492281104ebb2531e06eX.jpg?v=1644256431&width=1080
Pantalon Japonais;STREETWEAR PANTALON;79,99;https://tenko.fr/cdn/shop/products/H0c5fb1c1c692433a91ea88e28d9c2510b.jpg?v=1644257943&width=1080
Pantalon Japonais;PANTALON CARGO LARGE HOMME;59,99;https://tenko.fr/cdn/shop/products/H5ab73cb2b3d34469a8d613aeb6d42038T.jpg?v=1644256439&width=1080
Pantalon Japonais;CARGO JOGGER;49,99;https://tenko.fr/cdn/shop/products/H707a4c30bfd348a0b38b173e4c563463w.jpg?v=1644256438&width=1080
Pantalon Japonais;PANTALON LARGE JAPONAIS FEMME;34,99;https://tenko.fr/cdn/shop/products/H85be691e1e404abaa4e24b4f63e7b593O.jpg?v=1644592214&width=1080
Pantalon Japonais;PANTALON CARGO HOMME LARGE;44,99;https://tenko.fr/cdn/shop/products/Hb2898fb7ef6449a4beec18107ed1b75eR.jpg?v=1644329175&width=1080
Pantalon Japonais;PANTALON STREETWEAR JAPONAIS;49,99;https://tenko.fr/cdn/shop/files/S8ffd914a651541c8b82bfe4ee14a84daS.jpg?v=1683735568&width=1080
Pantalon Japonais;PANTALON CARGO LARGE FEMME;54,99;https://tenko.fr/cdn/shop/products/Sc36257a65357437aac154793b5390bf4b.jpg?v=1644329176&width=1080
Pantalon Japonais;PANTALON JAPON;59,99;https://tenko.fr/cdn/shop/files/H4ba6d1e73d4f4ah888288976b2c8a731bB.jpg?v=1684232914&width=1080
Pantalon Japonais;PANTALON FEMME JAPONAIS;39,99;https://tenko.fr/cdn/shop/products/Hea196dd3b8c445b08072d2086a9c27efi.jpg?v=1644592229&width=1080
Pantalon Japonais;PANTALON CARGO SLIM;74,99;https://tenko.fr/cdn/shop/products/Haaf1f26fc3ff4a119361f6cadfe06c62e.jpg?v=1644329184&width=1080
Pantalon Japonais;PANTALON TRADITIONNEL JAPONAIS;39,99;https://tenko.fr/cdn/shop/products/H53879f43a0b64bee9a354256e3c51e1bu.jpg?v=1644329994&width=1080
Pantalon Japonais;PANTALON CARGO REGULAR HOMME;44,99;https://tenko.fr/cdn/shop/products/Hb2d00d9c5c864207b199a4361fbdd341k.jpg?v=1644329183&width=1080
Pantalon Japonais;PANTALON CARGO COUPE DROITE;59,99;https://tenko.fr/cdn/shop/products/H64f0cdf478c84df1835aca60e1f03b73P.jpg?v=1644330200&width=1080
Pantalon Japonais;PANTALON TRADITIONNEL JAPONAIS HOMME;44,99;https://tenko.fr/cdn/shop/products/H1e361c0c12d34a08b9abc1e69f68493eE.jpg?v=1644330297&width=1080
Pantalon Japonais;PANTALON STREETWEAR FEMME;49,99;https://tenko.fr/cdn/shop/products/Captured_ecran2023-04-19174137.png?v=1681919046&width=1080
Pantalon Japonais;PANTALON KAWAII;44,99;https://tenko.fr/cdn/shop/products/Hc56776b3feb84789bc2fcea21d999a50J.jpg?v=1644329174&width=1080
Pantalon Japonais;PANTALON CARGO DROIT;49,99;https://tenko.fr/cdn/shop/products/Hfcd5309c620c4218bdc880861c118dd9a.jpg?v=1644329175&width=1080
Pantalon Japonais;PANTALON KIMONO JAPONAIS;49,99;https://tenko.fr/cdn/shop/products/Hbfc6478596544afcb27d446a39dce741v.jpg?v=1644330806&width=1080
Pantalon Japonais;PANTALON CARGO JOGGING;59,99;https://tenko.fr/cdn/shop/products/Hdae9e07f09b445eab64f8f181964fde9E.jpg?v=1644488065&width=1080
Pantalon Japonais;CARGO STREETWEAR;64,99;https://tenko.fr/cdn/shop/files/Se26cb0864e1b4aec9b152536c0607b66v.png?v=1684234582&width=1080
Pantalon Japonais;PANTALON CARGO OVERSIZE;44,99;https://tenko.fr/cdn/shop/products/Hf710f27821a1474c8139672686fd0e3ag.jpg?v=1644488263&width=1080
Pantalon Japonais;PANTALON LARGE JAPONAIS HOMME;44,99;https://tenko.fr/cdn/shop/products/Hfed80286e3b849568ba9187bbd90708bL.jpg?v=1644488366&width=1080
Pantalon Japonais;BAGGY JAPONAIS;39,99;https://tenko.fr/cdn/shop/products/Sd1c651aacbcc4dcebd7b6fe118583ac3L.jpg?v=1681919702&width=1080
Pantalon Japonais;PANTALON STYLE JAPONAIS FEMME;44,99;https://tenko.fr/cdn/shop/files/Hdb558262226f41b49f8f30839b859562s.jpg?v=1684237024&width=1080
Pantalon Japonais;PANTALON CARGO HOMME SLIM;69,99;https://tenko.fr/cdn/shop/products/HTB1Jn8hbBWD3KVjSZKPq6yp7FXa6.jpg?v=1644488589&width=1080
Pantalon Japonais;PANTALON CARGO ROUGE;49,99;https://tenko.fr/cdn/shop/products/Hbd12835297194ebda2cfaacee412bf8df.jpg?v=1644487921&width=1080
Pantalon Japonais;PANTALON MOTIF JAPONAIS;59,99;https://tenko.fr/cdn/shop/products/H13b237a041f04169a595a762ab599b0eV.jpg?v=1644488800&width=1080
Pantalon Japonais;PANTALON CARGO STYLE JAPONAIS;89,99;https://tenko.fr/cdn/shop/products/H5677cbc6adfc4a688c355cbb418f1e3eq.jpg?v=1644489006&width=1080
