Pyjama Japonais;PYJAMA LICORNE FEMME;29,99;https://tenko.fr/cdn/shop/products/Hcfc15701511649bd98b59e1b4816f64cL_667cca96-ae39-462b-9623-e977ebd344ff.jpg?v=1637679925&width=1080
Pyjama Japonais;PYJAMA CHAT;44,99;https://tenko.fr/cdn/shop/products/Hc05cda30e41c4b4f901fa3906117a6b90.jpg?v=1637679982&width=1080
Pyjama Japonais;COMBINAISON PYJAMA PANDA;29,99;https://tenko.fr/cdn/shop/products/Hcf8194f87f2047bcbf3e575ccbfb8c4by_d2679fc4-ed51-4d3d-bd42-cfa1494a2107.jpg?v=1637686406&width=1080
Pyjama Japonais;COMBINAISON PYJAMA PIKACHU;44,99;https://tenko.fr/cdn/shop/products/Hdb28e0bc64454ec58a9ef919faa14d717.jpg?v=1637680898&width=1080
Pyjama Japonais;PYJAMA KIMONO HOMME;49,99;https://tenko.fr/cdn/shop/products/H8177499c68464cba83103671d75fc6ccf.jpg?v=1637703183&width=1080
Pyjama Japonais;PYJAMA KAWAII;24,99;https://tenko.fr/cdn/shop/products/HTB16MOibEjrK1RkHFNRq6ySvpXaf_1edb55af-effe-4136-b1d0-87c1644a4776.jpg?v=1637681854&width=1080
Pyjama Japonais;PYJAMA JAPONAIS FEMME;49,99;https://tenko.fr/cdn/shop/products/S7a492bc4bff945ac9dd51e8553439e45s.jpg?v=1677405141&width=1080
Pyjama Japonais;PYJAMA FEMME FLEURI;54,99;https://tenko.fr/cdn/shop/products/Hf2754d01ab824c13a880ce8862e642a1z_70874b46-5a79-49a8-b92e-e197c03074f4.jpg?v=1637705484&width=1080
Pyjama Japonais;JINBEI HOMME;49,99;https://tenko.fr/cdn/shop/products/H5b2858f10f924202ba25126d8a9bc6ecJ_32b208f7-6388-405a-9936-8120a947e3c9.jpg?v=1637681220&width=1080
Pyjama Japonais;YUKATA JAPONAIS;69,99;https://tenko.fr/cdn/shop/products/H40352f3e43d84a938927ac8999991c53N.jpg?v=1644587860&width=1080
