Robe Japonaise;ROBE DE SOIRÉE JAPONAISE;44,99;https://tenko.fr/cdn/shop/products/S40c5257f47eb4fdabbdecc37be1fc3505.jpg?v=1684501271&width=1080
Robe Japonaise;ROBES JAPONAISES TRADITIONNELLES;44,99;https://tenko.fr/cdn/shop/files/HTB1S6BXt9BYBeNjy0Feq6znmFXaC.jpg?v=1685111281&width=1080
Robe Japonaise;ROBE KAWAII JAPONAISE;39,99;https://tenko.fr/cdn/shop/files/Hb019c413c59d43babefd04ffda910e7fG.jpg?v=1685104998&width=1080
Robe Japonaise;ROBE JAPONAISE MODERNE;44,99;https://tenko.fr/cdn/shop/files/S643e90a6a3094dd4a6f59c9eb4e5a471x.jpg?v=1684501922&width=1080
Robe Japonaise;ROBE TRADITIONNELLE JAPONAISE;139,99;https://tenko.fr/cdn/shop/products/H01e974ca99344532affa3d686b21e334s.jpg?v=1638113474&width=1080
Robe Japonaise;ROBE JAPONAISE TRADITIONNELLE;44,99;https://tenko.fr/cdn/shop/files/H2a661351491b40eabd107dab91bc3edcJ.jpg?v=1684749327&width=1080
Robe Japonaise;ROBE DE MARIÉE JAPONAISE;109,99;https://tenko.fr/cdn/shop/products/H087948df8ad44f33b7f69f467a6fc58fN.jpg?v=1640185086&width=1080
Robe Japonaise;ROBE À FLEURS FEMME;59,99;https://tenko.fr/cdn/shop/products/H6d0816d778af42b09f1f782210731bbeq_8b893acf-1913-44f7-8332-f01a2ebfcb9e.jpg?v=1684502845&width=1080
Robe Japonaise;ROBE VINTAGE FEMME;39,99;https://tenko.fr/cdn/shop/products/Hfe809bd23fc74e3dbc1fa565cfb3a71aR.jpg?v=1684502641&width=1080
Robe Japonaise;ROBE À POIS FEMME;59,99;https://tenko.fr/cdn/shop/products/H494082b387d64106ab169c644c5b25b44.jpg?v=1684502571&width=1080
Robe Japonaise;ROBE DE CHAMBRE SOIE JAPONAISE;59,99;https://tenko.fr/cdn/shop/products/Haba205737f16455683667b9c442e07518.jpg?v=1684502760&width=1080
Robe Japonaise;ROBE JAPONAISE HOMME;74,99;https://tenko.fr/cdn/shop/files/Heb7341b468184340811bb2b9a091efb19.jpg?v=1684500133&width=1080
Robe Japonaise;ROBE JAPONAISE GRANDE TAILLE;59,99;https://tenko.fr/cdn/shop/products/Hba3366dad36b450b8b2a5e451f121522T.jpg?v=1684500401&width=1080
Robe Japonaise;ROBES JAPONAISES;59,99;https://tenko.fr/cdn/shop/files/H6f2e44de525f47e98539c6b10b1507fco.jpg?v=1684584834&width=1080
Robe Japonaise;ROBE MANGA JAPONAISE;39,99;https://tenko.fr/cdn/shop/products/S3146c66f88be4ff789952d601b0dacddl.jpg?v=1684503133&width=1080
Robe Japonaise;ROBE TABLIER JAPONAISE;39,99;https://tenko.fr/cdn/shop/files/Hdda8ac25a5b842f1bc712ff43898b518T.jpg?v=1684746703&width=1080
Robe Japonaise;ROBE JAPONAISE KAWAII;54,99;https://tenko.fr/cdn/shop/products/H9663776bf7db48a587e8f221a37fe745G.jpg?v=1640187143&width=1080
Robe Japonaise;ROBE JAPONAISE NOIR;49,99;https://tenko.fr/cdn/shop/products/H6acb68c1dff04fc4bdbb4a89a3befba4i.jpg?v=1640268301&width=1080
Robe Japonaise;ROBE ECOLIERE JAPONAISE;49,99;https://tenko.fr/cdn/shop/products/H9d0d55a4fcda468d90a3885f27e02a0fS.jpg?v=1644597399&width=1080
Robe Japonaise;ROBE GOTHIQUE JAPONAISE;64,99;https://tenko.fr/cdn/shop/products/H204a83437f4b4f4593a4a34246b0c6794.jpg?v=1644597503&width=1080
Robe Japonaise;ROBE MARIAGE JAPONAISE;74,99;https://tenko.fr/cdn/shop/files/S3ff607f85dff4131866a765c37aebe15o.jpg?v=1685112000&width=1080
Robe Japonaise;ROBE JAPONAISE SEXY;44,99;https://tenko.fr/cdn/shop/products/He232eb7173aa479798b13d598cc3f409Z_8a66d6dc-6ef0-4577-97fd-c98f1c5f14da.jpg?v=1681891768&width=1080
Robe Japonaise;ROBE JAPONAISE COURTE;49,99;https://tenko.fr/cdn/shop/products/H141b27cafc1243ae9cd7571774c9e0aeZ.jpg?v=1638112896&width=1080
Robe Japonaise;JAPONAISE ROBE;44,99;https://tenko.fr/cdn/shop/products/Hea0ebd0e24ff4269bd9c5eb1fd6c6939u.jpg?v=1640268303&width=1080
Robe Japonaise;ROBE DE MARIÉE JAPONAISE TRADITIONNELLE;149,99;https://tenko.fr/cdn/shop/products/H73a82a963b0343c9ac830972349c3a93G.jpg?v=1685112587&width=1080
Robe Japonaise;ROBE JAPONAISE ENFANT;59,99;https://tenko.fr/cdn/shop/products/H0dcf27e4041f47a0a0f23cea9affdbb0B.jpg?v=1644595602&width=1080
Robe Japonaise;GRANDE ROBE JAPONAISE;64,99;https://tenko.fr/cdn/shop/products/HTB1ixoMbdzvK1RkSnfoq6zMwVXaL.jpg?v=1643802966&width=1080
Robe Japonaise;ROBES JAPONAISES EN SOIE;44,99;https://tenko.fr/cdn/shop/products/HTB1tLwGatfvK1RjSspfq6zzXFXaj.jpg?v=1643802967&width=1080
Robe Japonaise;ROBE JAPONAISE ROUGE;59,99;https://tenko.fr/cdn/shop/products/H1a87df38048e4055b2026ccb3245a033m.jpg?v=1643812683&width=1080
Robe Japonaise;ROBE JAPONAISE LONGUE;39,99;https://tenko.fr/cdn/shop/files/H19246b0e8b3d46e7a66134affcd8bac6t.jpg?v=1685348417&width=1080
Robe Japonaise;ROBE SOIRÉE JAPONAISE;139,99;https://tenko.fr/cdn/shop/products/H2a75d1957f544e1dafb9a3c307b987f9w.jpg?v=1643804841&width=1080
Robe Japonaise;ROBE LONGUE JAPONAISE;89,99;https://tenko.fr/cdn/shop/products/H339a9a573e78421781042924478b740cP.jpg?v=1643813012&width=1080
Robe Japonaise;ROBE STYLE JAPONAISE;59,99;https://tenko.fr/cdn/shop/files/S587ade0db18c457aa76172c51f3ebd66e.jpg?v=1685359186&width=1080
Robe Japonaise;ROBE DE MARIÉE INSPIRATION JAPONAISE;89,99;https://tenko.fr/cdn/shop/products/H85d006d80dec472f88054b0d03cf005ag.jpg?v=1643813308&width=1080
Robe Japonaise;ROBE INSPIRATION JAPONAISE;69,99;https://tenko.fr/cdn/shop/products/See9f75bc46e342a7a2c3387a47da6e25k.jpg?v=1643802972&width=1080
Robe Japonaise;ROBE DE CHAMBRE JAPONAISE FEMME;34,99;https://tenko.fr/cdn/shop/products/HTB1hik.w7OWBuNjSsppq6xPgpXaB.jpg?v=1644598408&width=1080
Robe Japonaise;ROBE JAPONAISE FEMME;59,99;https://tenko.fr/cdn/shop/products/H884971a71bca429aad11d5bd4ce31f42M.jpg?v=1643813527&width=1080
Robe Japonaise;ROBE CHAT;64,99;https://tenko.fr/cdn/shop/products/Hfc1d9bf203f34a3194c0b81a220baf5bJ.jpg?v=1643818920&width=1080
Robe Japonaise;KAWAII ROBE;54,99;https://tenko.fr/cdn/shop/products/H548332ec96c043fa9d874ff636ce28a3C.jpg?v=1643818921&width=1080
Robe Japonaise;RETRO ROBE;69,99;https://tenko.fr/cdn/shop/products/H8e9d0d07a8914a73a42a9e571cfa0240J.jpg?v=1643898733&width=1080
Robe Japonaise;DRAGON ROBE;44,99;https://tenko.fr/cdn/shop/files/Hc4f3f96992a94a14bfe39ed011dc608dE.jpg?v=1685360660&width=1080
Robe Japonaise;ROBE RETRO;64,99;https://tenko.fr/cdn/shop/products/Ha2e9ad1eb4754470995c7ff97b3a29a18.jpg?v=1644596352&width=1080
Robe Japonaise;MAUVE ROBE;74,99;https://tenko.fr/cdn/shop/products/H21ec7fecf7c140e89773f834d228ecb7j.jpg?v=1643899047&width=1080
Robe Japonaise;TURQUOISE ROBE;54,99;https://tenko.fr/cdn/shop/products/H6fd5a7a3b7d945b2ab9c41b606ad72fex.jpg?v=1643898736&width=1080
Robe Japonaise;ROBE DE STYLE;59,99;https://tenko.fr/cdn/shop/products/H1ca724e391914b4a81d0595250d9636fE.jpg?v=1643900243&width=1080
Robe Japonaise;VINTAGE STYLE ROBE;64,99;https://tenko.fr/cdn/shop/products/Hfc3126ba466149a4b7109abd2939353bz.jpg?v=1643898734&width=1080
Robe Japonaise;SAMURAI ROBE;89,99;https://tenko.fr/cdn/shop/files/H3651d6992a534f789275a2edbc2ad3ecb.png?v=1685515678&width=1080
Robe Japonaise;NINJA ROBE;59,99;https://tenko.fr/cdn/shop/products/H5c6f1c380f6745bfa418453572468a3fU.jpg?v=1685522713&width=1080
Robe Japonaise;PEIGNOIR ROBE;49,99;https://tenko.fr/cdn/shop/products/H9c62c1e617704924b5fa059bddfc3b91i.jpg?v=1643898808&width=1080
Robe Japonaise;ROBE DE CHAMBRE JAPONAISE HOMME;59,99;https://tenko.fr/cdn/shop/products/S72806182969d4a85b7e2b49044d9ca29m.jpg?v=1685521248&width=1080
Robe Japonaise;DEMON SLAYER ROBE;59,99;https://tenko.fr/cdn/shop/products/S961cba10d68a453092a8d86a6917371eD.jpg?v=1685518542&width=1080
Robe Japonaise;DRAGON BALL Z ROBE;29,99;https://tenko.fr/cdn/shop/products/Hd86b4445c417409e95680885b7491cdey-removebg-preview.png?v=1685519195&width=1080
Robe Japonaise;ITACHI ROBE;39,99;https://tenko.fr/cdn/shop/files/H3e1ef4f424c94d23bcca13ffec422f7dg.jpg?v=1685516798&width=1080
Robe Japonaise;NARUTO AKATSUKI ROBE;59,99;https://tenko.fr/cdn/shop/products/Hc09e4bb0aa824b4cb0b7a7a16bdfd279S-removebg-preview.png?v=1644596648&width=1080
Robe Japonaise;ROBE JAPONAISE FILLE;39,99;https://tenko.fr/cdn/shop/products/Sb6f66d183732423bb1bb1450b57fd318r.jpg?v=1685517837&width=1080
Robe Japonaise;KITSUNE ROBE;34,99;https://tenko.fr/cdn/shop/products/Hbfba0353f91e41c0adc5972c538f5dc0n-removebg-preview.png?v=1644597122&width=1080
Robe Japonaise;ROBE JAPONAISE KIMONO;49,99;https://tenko.fr/cdn/shop/products/H3e9d34f6fadf4824865f18a048d82798G.jpg?v=1640282441&width=1080
Robe Japonaise;ANIME ROBE;64,99;https://tenko.fr/cdn/shop/products/Hfaf73e5604644560b36bfa7e2465d54bw.jpg?v=1643898771&width=1080
