Sweat japonais;SWEAT À CAPUCHE BLANC;54,99;https://tenko.fr/cdn/shop/products/H47e2361d3d824820933ffd1ee8f11a4b9_d74ab98f-ee44-452c-8362-0c9887f63ce7.jpg?v=1638137029&width=1080
Sweat japonais;SWEAT SKATE;39,99;https://tenko.fr/cdn/shop/products/S059f7a0a103d4243bd520f2b5c01a195b.jpg?v=1678797396&width=1080
Sweat japonais;HOODIE JAPONAIS;54,99;https://tenko.fr/cdn/shop/products/H5dd893e31bde4a9d8dfac2bf1f786094K.jpg?v=1639414454&width=1080
Sweat japonais;SWEAT À CAPUCHE JAPONAIS;49,99;https://tenko.fr/cdn/shop/products/H226ff7f7c41140f0a0a09b7702eda7f2Q_5d5c9898-9fa8-4f61-982d-8d3325cce666.jpg?v=1681979984&width=1080
Sweat japonais;SWEAT FEMME CAPUCHE;44,99;https://tenko.fr/cdn/shop/files/S09ab7d73eaed4f228ab8c262593351f8v.jpg?v=1682528223&width=1080
Sweat japonais;SWEAT LARGE;59,99;https://tenko.fr/cdn/shop/files/S3d370bfd385b4c249f8146791cf95baen.jpg?v=1682441587&width=1080
Sweat japonais;SWEAT JAPONAIS HOMME;44,99;https://tenko.fr/cdn/shop/files/Sb40bc9018f1345d09e66c4caee746e67v_1.jpg?v=1682439912&width=1080
Sweat japonais;SWEAT JAPONAIS KAWAII;44,99;https://tenko.fr/cdn/shop/files/SweatJaponaisKawaii.png?v=1682605752&width=1080
Sweat japonais;SWEAT PANDA;34,99;https://tenko.fr/cdn/shop/products/S915ca9218c1746aa8bedd932f6a552f7y.jpg?v=1677342991&width=1080
Sweat japonais;SWEAT STYLE JAPONAIS;69,99;https://tenko.fr/cdn/shop/products/H5241dc036bae4c96a3b1f60f52afed38X.jpg?v=1644342794&width=1080
Sweat japonais;SWEAT FLEUR;64,99;https://tenko.fr/cdn/shop/products/Hbd21ad45fd19483e828fea72f34b8cecq_e5740dde-8f94-47d2-8005-4def56fd2b62.jpg?v=1638185900&width=1080
Sweat japonais;SWEAT A CAPUCHE CHAT;39,99;https://tenko.fr/cdn/shop/products/Hff135a6236d948f4943ead8de3ced4b11_1.jpg?v=1681909939&width=1080
Sweat japonais;SWEAT TOTORO;39,99;https://tenko.fr/cdn/shop/products/S16b25a78008d44d1b72b022465a640c0Y_1.jpg?v=1682272886&width=1080
Sweat japonais;SWEAT HISOKA;34,99;https://tenko.fr/cdn/shop/products/H476ca7ae00fc4f1e9602cf37844eed76E_276ad3df-aef3-41d9-9d00-6e592bc43173.jpg?v=1682272959&width=1080
Sweat japonais;SWEAT MOTIF JAPONAIS;44,99;https://tenko.fr/cdn/shop/products/S1c13d8f832004804b9dd15fdbf219de1i.jpg?v=1682272995&width=1080
Sweat japonais;SWEAT HAIKYUU;39,99;https://tenko.fr/cdn/shop/products/H1dd304695cc0467085a679eb7aac3b05c_1.jpg?v=1682272786&width=1080
Sweat japonais;SWEAT À CAPUCHE STREETWEAR;44,99;https://tenko.fr/cdn/shop/products/Sbb3b581012204e1ab2556449423d24e4Z_3458ea8f-8e36-434a-8939-72dc4997286d.jpg?v=1682266484&width=1080
Sweat japonais;SWEAT-SHIRT JAPONAIS;39,99;https://tenko.fr/cdn/shop/products/H8f433321cfcf4ba09e6a35baa491ccdaU.jpg?v=1644671059&width=1080
Sweat japonais;SWEAT DRAGON;34,99;https://tenko.fr/cdn/shop/products/Captured_ecran2023-04-23180647_1.png?v=1682269306&width=1080
Sweat japonais;HOODIES HOMME JAPONAIS;44,99;https://tenko.fr/cdn/shop/products/H65483256002b4f3ebbd240c2d3f8f3a6i_a9775d80-1665-43b1-a550-de4f1dab9e28.jpg?v=1682267950&width=1080
Sweat japonais;SWEAT FEMME JAPONAIS;59,99;https://tenko.fr/cdn/shop/products/H84be6580f53d4192940bcb17663059d4i.jpg?v=1683038898&width=1080
Sweat japonais;HOODIE JAPON;44,99;https://tenko.fr/cdn/shop/products/H9ae6ef9e6a6a4251b41ea45ea6bc5621B.jpg?v=1642528971&width=1080
Sweat japonais;SWEAT À CAPUCHE HOMME JAPON;49,99;https://tenko.fr/cdn/shop/products/Hdc26626e3cf7439f8fa012e3b4af9a23Q_3f1b4a23-1198-49af-a1e5-c626a0303ff6.jpg?v=1644671511&width=1080
Sweat japonais;SWEAT STYLE JAPONAIS HOMME;64,99;https://tenko.fr/cdn/shop/files/HTB1p.uRKSzqK1RjSZFHq6z3CpXa6_6b19e261-cf59-4172-95e4-e48d95915f07.jpg?v=1683038640&width=1080
Sweat japonais;SWEAT KILLUA;29,99;https://tenko.fr/cdn/shop/products/Hb50ee04865e34b079069b286805575a7z.jpg?v=1677344756&width=1080
Sweat japonais;HUNTER X HUNTER SWEAT;29,99;https://tenko.fr/cdn/shop/files/Ha80c49ac2a1e48a98f333920aa83f180J_2f810c06-c3c5-45cf-b4fb-344ec05b7372.jpg?v=1683041908&width=1080
Sweat japonais;SWEAT HOMME JAPONAIS;34,99;https://tenko.fr/cdn/shop/files/S2574599f81424173a695abf103c088236.jpg?v=1683042554&width=1080
Sweat japonais;SWEAT HOMME MOTIF JAPONAIS;34,99;https://tenko.fr/cdn/shop/files/Sb98d7e185de844ac8291d8cf87793a97k_32b7907d-578e-48f6-af1a-dc7e4516405b.jpg?v=1683044535&width=1080
Sweat japonais;SWEAT A CAPUCHE HOMME STREETWEAR;74,99;https://tenko.fr/cdn/shop/products/H1002eb354b194c7f9f65feab80e8600fe.jpg?v=1644671216&width=1080
Sweat japonais;SWEAT SASUKE;39,99;https://tenko.fr/cdn/shop/products/Captured_ecran2023-03-19125234.png?v=1679226843&width=1080
Sweat japonais;SWEAT JAPONAIS FEMME;34,99;https://tenko.fr/cdn/shop/files/2023-05-03204625.png?v=1683139997&width=1080
Sweat japonais;SWEAT CAPUCHE HOMME STREETWEAR;44,99;https://tenko.fr/cdn/shop/files/S1ed79c8973fa42cd841c0b0b38fa7e50f.webp?v=1683295571&width=1080
Sweat japonais;SWEAT STREETWEAR JAPONAIS;59,99;https://tenko.fr/cdn/shop/products/H1d6bfd6ceff24b5a831b320aeed7c7c32.jpg?v=1684265950&width=1080
Sweat japonais;JAPON SWEAT;49,99;https://tenko.fr/cdn/shop/products/H3fd4ab9bde474a929e4dfad32508b1d6X.jpg?v=1684265926&width=1080
Sweat japonais;SWEAT ITACHI;29,99;https://tenko.fr/cdn/shop/products/H2972472db3d047eaa25d346328816dfbq.jpg?v=1677345366&width=1080
Sweat japonais;SWEAT AKATSUKI;44,99;https://tenko.fr/cdn/shop/products/He9e1204f3dab438080656a0e80a5d539X.jpg?v=1677361283&width=1080
Sweat japonais;SWEAT HUNTER X HUNTER GON;39,99;https://tenko.fr/cdn/shop/files/Sf2749e2cd85e44fdbdb0b497d2ccfba1k.jpg?v=1684242205&width=1080
Sweat japonais;SWEAT NARUTO;29,99;https://tenko.fr/cdn/shop/files/S08dc1781c0e148048384ba128c4fe26fL.jpg?v=1684241978&width=1080
Sweat japonais;SWEAT KAKASHI;29,99;https://tenko.fr/cdn/shop/files/Sc1b68d1dd8ad45efb2a0a9f0dcaa6a4cx.jpg?v=1684241808&width=1080
Sweat japonais;SWEAT A CAPUCHE HUNTER X HUNTER;39,99;https://tenko.fr/cdn/shop/files/S082c39ea107445d3a36b11a6ab68ebb7E.jpg?v=1684242557&width=1080
Sweat japonais;SWEAT KIRUA;29,99;https://tenko.fr/cdn/shop/files/Hb50ee04865e34b079069b286805575a7z_3c1dda76-3191-42c1-9bda-0278b4060eb2.jpg?v=1684245822&width=1080
Sweat japonais;SWEAT HUNTER X HUNTER;29,99;https://tenko.fr/cdn/shop/files/Ha80c49ac2a1e48a98f333920aa83f180J.jpg?v=1683041562&width=1080
Sweat japonais;HOODIE MOTIF JAPONAIS;54,99;https://tenko.fr/cdn/shop/files/Sed1bd8d7ea864882af6650c4e2da689ae.jpg?v=1684406724&width=1080
Sweat japonais;SWEAT ROSE JAPON;34,99;https://tenko.fr/cdn/shop/files/Saf7220caa9a5452d9d4b4f0d81452c2aZ.jpg?v=1684406471&width=1080
Sweat japonais;SWEAT KAWAII HOMME;54,99;https://tenko.fr/cdn/shop/products/Ha30ed7cdccd3477791d1d189cea3945dY.jpg?v=1642531499&width=1080
Sweat japonais;SWEAT KAWAII FILLE;39,99;https://tenko.fr/cdn/shop/products/Sa0ccf88852b347e7aac368d3596a20dbe.jpg?v=1685372292&width=1080
Sweat japonais;SWEAT FEMME KAWAII;64,99;https://tenko.fr/cdn/shop/products/H92d061d30d8e43c8b1cb2f0651fe8663l.jpg?v=1642528960&width=1080
Sweat japonais;SWEAT MOTIF JAPONAIS HOMME;44,99;https://tenko.fr/cdn/shop/products/H9e785fb3800041debaea8a101520753cG.jpg?v=1644677262&width=1080
Sweat japonais;SWEAT KAWAII FEMME;49,99;https://tenko.fr/cdn/shop/products/H97de2c93fe574da7bad99a589aebde39K.jpg?v=1642585693&width=1080
Sweat japonais;HOODIE JAPONAIS HOMME;39,99;https://tenko.fr/cdn/shop/products/Haef3319593a84f1e82c519e1045c1df08.jpg?v=1642587513&width=1080
Sweat japonais;HOODIE STYLE JAPONAIS;44,99;https://tenko.fr/cdn/shop/products/H3826bc419be24cb6a8a14d82f7cf940fT.jpg?v=1642585572&width=1080
Sweat japonais;SWEAT A CAPUCHE STYLE JAPONAIS;64,99;https://tenko.fr/cdn/shop/products/HTB1OrKYKMHqK1RjSZFEq6AGMXXa3.jpg?v=1642592424&width=1080
Sweat japonais;SWEAT NARUTO SHIPPUDEN;34,99;https://tenko.fr/cdn/shop/products/S88529c504038471687f23dc3c9cd136fz.jpg?v=1677362857&width=1080
Sweat japonais;SWEAT MOLLETON JAPONAIS;54,99;https://tenko.fr/cdn/shop/products/Hbf300fee922a46de9b87976c59a90401o.jpg?v=1639478989&width=1080
Sweat japonais;SWEAT A CAPUCHE MOTIF JAPONAIS;64,99;https://tenko.fr/cdn/shop/products/H0d0674280a8d4e87ae0e55925a02ebe3b.jpg?v=1642591822&width=1080
Sweat japonais;SWEAT A CAPUCHE AKATSUKI;39,99;https://tenko.fr/cdn/shop/products/H4f5166a727004487ba1c3ed7418712b2Q.jpg?v=1680110063&width=1080
Sweat japonais;SWEAT HOMME STYLE JAPONAIS;69,99;https://tenko.fr/cdn/shop/products/H62f3088139644c9cac2d311d1af3c5e6c.jpg?v=1644677239&width=1080
Sweat japonais;SWEAT DESSIN JAPONAIS;44,99;https://tenko.fr/cdn/shop/products/Hdcc7d4211c3c49a7bc92d44a07f522b1V.jpg?v=1642598870&width=1080
Sweat japonais;SWEAT ECRITURE JAPONAIS;44,99;https://tenko.fr/cdn/shop/products/H1a72d567b3414891b089e6d3f27403a8e.jpg?v=1681828678&width=1080
Sweat japonais;SWEAT SHIRT MOTIF JAPONAIS;44,99;https://tenko.fr/cdn/shop/products/H8ac42788b3624e5cb5259ce88a244113P_1384cc2f-b178-4a9e-9a6a-69de30244593.jpg?v=1642599548&width=1080
