BAGUE JAPONAISE;BAGUE JAPONAISE DEMON;69,9;https://nekketsu.store/cdn/shop/products/bague-japonaise-br-demon-14418714427439_1600x.jpg?v=1668630149
BAGUE JAPONAISE;BAGUE JAPONAISE SAKANA;49,9;https://nekketsu.store/cdn/shop/products/bague-japonaise-br-sakana-14418715672623_1600x.jpg?v=1668630866
BAGUE JAPONAISE;BAGUE JAPONAISE GRAVURES DRAGON;49,9;https://nekketsu.store/cdn/shop/products/bague-japonaise-br-gravures-dragon-14418715508783_1600x.jpg?v=1668630503
BAGUE JAPONAISE;BAGUE JAPONAISE MANTRA KOMIYO;49,9;https://nekketsu.store/cdn/shop/products/bague-japonaise-br-mantra-komiyo-14418714951727_1600x.jpg?v=1668630879
BAGUE JAPONAISE;BAGUE JAPONAISE FLEUR DE LOTUS;49,9;https://nekketsu.store/cdn/shop/products/bague-japonaise-br-fleur-de-lotus-14418714755119_1600x.jpg?v=1668630327
BAGUE JAPONAISE;BAGUE GRAVÉE EN INTÉRIEUR KINGU;30;https://nekketsu.store/cdn/shop/products/bague-gravee-en-interieur-kingu-29915526496303_1600x.jpg?v=1668643842
BAGUE JAPONAISE;BAGUE ASIATIQUE ACIER;29,9;https://nekketsu.store/cdn/shop/products/bague-asiatique-acier-29915526758447_1600x.jpg?v=1668636442
BAGUE JAPONAISE;BAGUE JAPONAISE LOTUS SUTRA;49,9;https://nekketsu.store/cdn/shop/products/bague-japonaise-br-lotus-sutra-14418716524591_1600x.jpg?v=1668629968
BAGUE JAPONAISE;BAGUE JAPONAISE TAIGA;49,9;https://nekketsu.store/cdn/shop/products/bague-japonaise-br-taiga-14418715901999_50x.jpg?v=1668631785
BAGUE JAPONAISE;BAGUE BOUDDHA JAPONAIS;19,9;https://nekketsu.store/cdn/shop/products/bague-bouddha-japonais-29915525447727_50x.jpg?v=1668636454
BAGUE JAPONAISE;BAGUE CARPE KOÏ;19,9;https://nekketsu.store/cdn/shop/products/bague-carpe-koi-29915526135855_50x.jpg?v=1668636268
BAGUE JAPONAISE;BAGUE BOUDDHISTE ASIE;54,9;https://nekketsu.store/cdn/shop/products/bague-bouddhiste-asie-29915526299695_50x.jpg?v=1668636266
