T-SHIRT JAPONAIS;T-SHIRT JAPONAIS JUNKARA;29,9;https://nekketsu.store/cdn/shop/products/t-shirt-japonais-br-junkara-14421398323247_1600x.jpg?v=1668659311
T-SHIRT JAPONAIS;T-SHIRT JAPONAIS KABUNO ICHI;29,9;https://nekketsu.store/cdn/shop/products/t-shirt-japonais-br-kabuno-ichi-14421398978607_1600x.jpg?v=1668659676
T-SHIRT JAPONAIS;T-SHIRT JAPONAIS SHIYOKO;29,9;https://nekketsu.store/cdn/shop/products/t-shirt-japonais-br-shiyoko-14421388132399_1600x.jpg?v=1668437371
T-SHIRT JAPONAIS;T-SHIRT JAPONAIS BEERUS;29,9;https://nekketsu.store/cdn/shop/products/t-shirt-japonais-br-beerus-14421391343663_1600x.jpg?v=1668657322
T-SHIRT JAPONAIS;T-SHIRT NEKKETSU ITOMASUKU;34,9;https://nekketsu.store/cdn/shop/products/t-shirt-nekketsu-br-itomasuku-14426031980591_1600x.jpg?v=1668436102
T-SHIRT JAPONAIS;T-SHIRT NEKKETSU SENSHI SARU;34,9;https://nekketsu.store/cdn/shop/products/t-shirt-nekketsu-br-senshi-saru-14393762644015_1600x.jpg?v=1668436832
T-SHIRT JAPONAIS;T-SHIRT NEKKETSU YATSUKI;34,9;https://nekketsu.store/cdn/shop/products/t-shirt-nekketsu-br-yatsuki-14426037714991_1600x.jpg?v=1668436111
T-SHIRT JAPONAIS;T-SHIRT JAPONAIS TANSHO;29,9;https://nekketsu.store/cdn/shop/products/t-shirt-japonais-br-tansho-14421389344815_1600x.jpg?v=1668435791
T-SHIRT JAPONAIS;T-SHIRT NEKKETSU MINAMOTO;34,9;https://nekketsu.store/cdn/shop/products/t-shirt-nekketsu-br-minamoto-14393612369967_50x.jpg?v=1668436835
T-SHIRT JAPONAIS;T-SHIRT NEKKETSU AKÔ GISHI;34,9;https://nekketsu.store/cdn/shop/products/t-shirt-nekketsu-br-ako-gishi-14393597427759_50x.jpg?v=1668434362
T-SHIRT JAPONAIS;T-SHIRT JAPONAIS RAION;29,9;https://nekketsu.store/cdn/shop/products/t-shirt-japonais-br-raion-14421385314351_50x.jpg?v=1668662553
T-SHIRT JAPONAIS;T-SHIRT JAPONAIS ANEKO;29,9;https://nekketsu.store/cdn/shop/products/t-shirt-japonais-br-aneko-14421384593455_50x.jpg?v=1668656962
T-SHIRT JAPONAIS;T-SHIRT NEKKETSU HARAKIRI;34,9;https://nekketsu.store/cdn/shop/products/t-shirt-nekketsu-br-harakiri-14393658376239_50x.jpg?v=1668434371
T-SHIRT JAPONAIS;T-SHIRT JAPONAIS FUJIFU;29,9;https://nekketsu.store/cdn/shop/products/t-shirt-japonais-br-fujifu-14421386723375_50x.jpg?v=1668657686
T-SHIRT JAPONAIS;T-SHIRT JAPONAIS TIDEGODER;29,9;https://nekketsu.store/cdn/shop/products/t-shirt-japonais-br-tidegoder-14421381382191_50x.jpg?v=1668434569
T-SHIRT JAPONAIS;T-SHIRT JAPONAIS SHOYU RAMEN;29,9;https://nekketsu.store/cdn/shop/products/t-shirt-japonais-br-shoyu-ramen-14421397176367_50x.jpg?v=1668437549
T-SHIRT JAPONAIS;T-SHIRT JAPONAIS LEIVANA;29,9;https://nekketsu.store/cdn/shop/products/t-shirt-japonais-br-leivana-14421390065711_50x.jpg?v=1668661122
T-SHIRT JAPONAIS;T-SHIRT JAPONAIS IZUMI;29,9;https://nekketsu.store/cdn/shop/products/t-shirt-japonais-br-izumi-14421385773103_50x.jpg?v=1668658764
T-SHIRT JAPONAIS;T-SHIRT JAPONAIS ACHONG;29,9;https://nekketsu.store/cdn/shop/products/t-shirt-japonais-br-achong-14421390852143_50x.jpg?v=1668656243
T-SHIRT JAPONAIS;T-SHIRT JAPONAIS KAME SENNIN;Épuisé;https://nekketsu.store/cdn/shop/products/t-shirt-japonais-br-kame-sennin-14421403172911_50x.jpg?v=1668660203
T-SHIRT JAPONAIS;T-SHIRT JAPONAIS AKUMA;29,9;https://nekketsu.store/cdn/shop/products/t-shirt-japonais-br-akuma-14421384069167_50x.jpg?v=1668656602
T-SHIRT JAPONAIS;T-SHIRT JAPONAIS PANDA LOUX;29,9;https://nekketsu.store/cdn/shop/products/t-shirt-japonais-br-panda-loux-14421389738031_50x.jpg?v=1668662220
T-SHIRT JAPONAIS;T-SHIRT JAPONAIS TAYTAY HASHI;29,9;https://nekketsu.store/cdn/shop/products/t-shirt-japonais-br-taytay-hashi-14421388329007_50x.jpg?v=1668436301
T-SHIRT JAPONAIS;T-SHIRT JAPONAIS LIVEY MUN;29,9;https://nekketsu.store/cdn/shop/products/t-shirt-japonais-br-livey-mun-14421387935791_50x.jpg?v=1668661479
T-SHIRT JAPONAIS;T-SHIRT JAPONAIS NEKO ZUKA;Épuisé;https://nekketsu.store/cdn/shop/products/t-shirt-japonais-br-neko-zuka-14421385805871_50x.jpg?v=1668435234
T-SHIRT JAPONAIS;T-SHIRT JAPONAIS KENSEI;29,9;https://nekketsu.store/cdn/shop/products/t-shirt-japonais-br-kensei-14421382758447_50x.jpg?v=1668660759
T-SHIRT JAPONAIS;T-SHIRT JAPONAIS MALEIVA;29,9;https://nekketsu.store/cdn/shop/products/t-shirt-japonais-br-maleiva-14421387378735_50x.jpg?v=1668661837
T-SHIRT JAPONAIS;T-SHIRT JAPONAIS UMIHEBI;29,9;https://nekketsu.store/cdn/shop/products/t-shirt-japonais-br-umihebi-14421393375279_50x.jpg?v=1668435101
T-SHIRT JAPONAIS;T-SHIRT JAPONAIS HOSUKU;29,9;https://nekketsu.store/cdn/shop/products/t-shirt-japonais-br-hosuku-14421390196783_50x.jpg?v=1668658228
T-SHIRT JAPONAIS;T-SHIRT - NEKKETSU ITACHI;29,9;https://nekketsu.store/cdn/shop/products/t-shirt-nekketsu-itachi-14941825564719_50x.jpg?v=1668566264
T-SHIRT JAPONAIS;T-SHIRT NEKKETSU KUMIHO;34,9;https://nekketsu.store/cdn/shop/products/t-shirt-nekketsu-br-kumiho-14957957185583_50x.jpg?v=1668541059
T-SHIRT JAPONAIS;T-SHIRT JAPANESE ONIGIRI;29,9;https://nekketsu.store/cdn/shop/products/t-shirt-japanese-onigiri-31496170340399_50x.jpg?v=1668551134
T-SHIRT JAPONAIS;T-SHIRT JAPANESE ONIGIRI NOIR;29,9;https://nekketsu.store/cdn/shop/products/t-shirt-japanese-onigiri-noir-31496172601391_1600x.jpg?v=1668550957
T-SHIRT JAPONAIS;T-SHIRT DRAGON OF DOJIMA;29,9;https://nekketsu.store/cdn/shop/products/t-shirt-dragon-of-dojima-31544953045039_1600x.jpg?v=1668552027
T-SHIRT JAPONAIS;T-SHIRT JAPONAIS YUUGA TSURU;29,9;https://nekketsu.store/cdn/shop/products/t-shirt-japonais-yuuga-tsuru-31592477163567_1600x.jpg?v=1668541234
T-SHIRT JAPONAIS;T-SHIRT NEKKETSU KIREI GEISHA;29,9;https://nekketsu.store/cdn/shop/products/t-shirt-nekketsu-kirei-geisha-31617040318511_1600x.jpg?v=1668540695
T-SHIRT JAPONAIS;T-SHIRT NEKKETSU UMI PANDA;29,9;https://nekketsu.store/cdn/shop/products/t-shirt-nekketsu-umi-panda-31690644389935_1600x.jpg?v=1668540147
T-SHIRT JAPONAIS;TSHIRT NEKKETSU SHINU RAMEN;29,9;https://nekketsu.store/cdn/shop/products/tshirt-nekketsu-shinu-ramen-31766391324719_1600x.jpg?v=1668546809
T-SHIRT JAPONAIS;T-SHIRT NEKKETSU SHENRON;29,9;https://nekketsu.store/cdn/shop/products/t-shirt-nekketsu-shenron-31805244702767_1600x.jpg?v=1668540515
