Kimono;KIMONO HOMME TRADITIONNEL;79,99;https://tenko.fr/cdn/shop/files/H796add73da054ff2b2d1c6b713474496y.jpg?v=1696929303&width=1080
Kimono;KIMONO NOIR HOMME;79,99;https://tenko.fr/cdn/shop/files/Hd7750eed049c458ea61af8ae592a629bG.jpg?v=1685023604&width=1080
Kimono;KIMONO TRADITIONNEL HOMME;79,99;https://tenko.fr/cdn/shop/products/H1b2ec19eb1af4e0bb210b4eb6e7b1f05N.jpg?v=1639405558&width=1080
Kimono;KIMONO COURT HOMME;59,99;https://tenko.fr/cdn/shop/files/S09bc1d7860014c1891df3bc8e612fde99.jpg?v=1696944505&width=1080
Kimono;KIMONO FEMME NUIT;49,99;https://tenko.fr/cdn/shop/products/Sf95f44f12ee04ccc87494788fe18ca04C.jpg?v=1685013225&width=1080
Kimono;ROBE DE CHAMBRE KIMONO FEMME;49,99;https://tenko.fr/cdn/shop/files/Sbcf749e226b24f76a9859c3ed06cc443o.jpg?v=1697036593&width=1080
Kimono;ROBE KIMONO LONGUE;49,99;https://tenko.fr/cdn/shop/files/S4d078fd8b1a74b79a826cf650d212890P.webp?v=1697037458&width=1080
Kimono;PEIGNOIR KIMONO FEMME;49,99;https://tenko.fr/cdn/shop/files/S25af083a90fd4eac862d97dcfd65d806D.jpg?v=1695217688&width=1080
Kimono;KIMONO TRADITIONNEL JAPONAIS;79,99;https://tenko.fr/cdn/shop/files/H87ae8dbf1e704b63a0c75baeb4573c02n.jpg?v=1684756449&width=1080
Kimono;KIMONO TRADITIONNEL;79,99;https://tenko.fr/cdn/shop/files/H191175d666774d6291282b1029d6203dN.png?v=1698152845&width=1080
Kimono;KIMONO YUKATA;79,99;https://tenko.fr/cdn/shop/files/H6156840122e742a493036263c3495a85R.jpg?v=1684757449&width=1080
Kimono;KIMONO TRADITIONNEL JAPONAIS HOMME;79,99;https://tenko.fr/cdn/shop/files/S9c6734febd07481b917281bcf490578cD.jpg?v=1696939602&width=1080
Kimono;KIMONO SATIN;79,99;https://tenko.fr/cdn/shop/files/Sdcaaa644e3204e5a994af7930bb52988u.jpg?v=1695218848&width=1080
Kimono;KIMONO TRADITIONNEL JAPONAIS FEMME;94,99;https://tenko.fr/cdn/shop/products/S1fd066b507b643ec904ebe2e8c65478dy.jpg?v=1685028138&width=1080
Kimono;SAKURA KIMONO;79,99;https://tenko.fr/cdn/shop/files/S8f07e11b60f64de7887f447d10be37eaX.jpg?v=1697018682&width=1080
Kimono;KIMONO ROUGE;59,99;https://tenko.fr/cdn/shop/files/Hfd65e30ae77c4dd0a4fc9895a55d23503.png?v=1685027779&width=1080
Kimono;KIMONO HOMME MODERNE;99,99;https://tenko.fr/cdn/shop/files/HLB1jcdfRhYaK1RjSZFnq6y80pXaA.webp?v=1696930013&width=1080
Kimono;KIMONO JAPONAIS HOMME SAMOURAI;109,99;https://tenko.fr/cdn/shop/files/zyro-image.jpg?v=1696942635&width=1080
Kimono;KIMONO SAMURAI;139,99;https://tenko.fr/cdn/shop/files/Sdffc45d6b9774bd0857498b455a01c69O.jpg?v=1697040427&width=1080
Kimono;YUKATA KIMONO;79,99;https://tenko.fr/cdn/shop/files/HTB1UQsSvMmTBuNjy1Xbq6yMrVXaG.webp?v=1697038823&width=1080
Kimono;KIMONO DE PLAGE FEMME;39,99;https://tenko.fr/cdn/shop/files/S69da09d2d7764d6d9e44a01874fbe3f7C.jpg?v=1695805877&width=1080
Kimono;KIMONO D'ÉTÉ;49,99;https://tenko.fr/cdn/shop/files/S0f2b452762854b9887e885ecef80a242l.jpg?v=1698156570&width=1080
Kimono;KIMONO PLAGE FEMME;39,99;https://tenko.fr/cdn/shop/files/S5b5cf760c0ca4c7cb5f8417d9b7fbdd9p.jpg?v=1698154706&width=1080
Kimono;KIMONO DENTELLE;39,99;https://tenko.fr/cdn/shop/files/S977814fc22324a83b2657382c96ed0e8A.jpg?v=1697035545&width=1080
Kimono;KIMONO ÉTÉ;39,99;https://tenko.fr/cdn/shop/files/Sf9d484599a2c4f5683014c80cc1a4fc9N.webp?v=1696940152&width=1080
Kimono;KIMONO COURT;27,99;https://tenko.fr/cdn/shop/files/H73a4ce977184440785ae9311fd083960X.jpg?v=1695225915&width=1080
Kimono;VESTE KIMONO FEMME COURTE;69,99;https://tenko.fr/cdn/shop/files/Hefb341fb74984525a0b690e2e449ca09x.jpg?v=1697724439&width=1080
Kimono;ROBE KIMONO COURTE;39,99;https://tenko.fr/cdn/shop/files/H63be764d74e7489b89e28452680783124.webp?v=1697034836&width=1080
Kimono;KIMONO SOIE HOMME;54,99;https://tenko.fr/cdn/shop/products/H125d5c9eb97d4a5482236c08e32648b6T.jpg?v=1685017033&width=1080
Kimono;KIMONO COTON;64,99;https://tenko.fr/cdn/shop/files/Saa67641b7a34474b839d66657535ae0bG.jpg?v=1698155258&width=1080
Kimono;KIMONO LONG NOIR;49,99;https://tenko.fr/cdn/shop/files/S7253d8f20b8543a48378a101fdc7160bO_aecbccfe-278b-42cf-8401-adac87b168b6.webp?v=1697041540&width=1080
Kimono;KIMONO SOIE FEMME;49,99;https://tenko.fr/cdn/shop/products/H5f9b690399e24e51b5e572341f6fa0efs.jpg?v=1643128080&width=1080
Kimono;KIMONO STREETWEAR;74,99;https://tenko.fr/cdn/shop/files/H266b18c5d029450f85806747118f477aL.jpg?v=1697722040&width=1080
Kimono;KIMONO FLEURI;39,99;https://tenko.fr/cdn/shop/files/H82dc5fc1a6e348a9a4c71dea499e1ebcd.webp?v=1697037835&width=1080
Kimono;KIMONO VESTE;39,99;https://tenko.fr/cdn/shop/files/H3a1e6410ad434942ae230e41571bf612v.jpg?v=1698156477&width=1080
Kimono;KIMONO CARDIGAN HOMME;34,99;https://tenko.fr/cdn/shop/products/H1b263abafc1e44078326f990585a03a7z.jpg?v=1638911336&width=1080
Kimono;KIMONO VESTE HOMME;59,99;https://tenko.fr/cdn/shop/files/Sa8f0b7f44ccf4fe3a468b3850a29a011S.jpg?v=1696863958&width=1080
Kimono;KIMONO CARDIGAN;49,99;https://tenko.fr/cdn/shop/files/H92862ff071f340b9a93a6cd0d942b4eci.jpg?v=1696927700&width=1080
Kimono;CARDIGAN KIMONO HOMME;49,99;https://tenko.fr/cdn/shop/files/HTB1rnCyP7voK1RjSZFNq6AxMVXaH.webp?v=1696936200&width=1080
Kimono;KIMONO LONG HOMME;59,99;https://tenko.fr/cdn/shop/files/Sbb741803352d4203b3d9bb3e758565f73.webp?v=1697039549&width=1080
Kimono;ROBE KIMONO CHIC;69,99;https://tenko.fr/cdn/shop/files/H9fee3845c5d44f3baa4b49ab6f3fc5a69_880f5a07-2159-4922-9399-30335d4845c7.jpg?v=1697721871&width=1080
Kimono;ENSEMBLE KIMONO FEMME;69,99;https://tenko.fr/cdn/shop/files/ensemble-kimono-femme-tenko.png?v=1697719662&width=1080
Kimono;KIMONO ROBE;54,99;https://tenko.fr/cdn/shop/files/Sfcebde39d9eb4e2d81eb139c32e005ade_c7a63995-ca73-4738-9e2e-b6e8c9c8e5af.jpg?v=1697723295&width=1080
Kimono;KIMONO BLANC FEMME;49,99;https://tenko.fr/cdn/shop/files/S955854f3820e4945bfc27331720f4754Q.jpg?v=1695227022&width=1080
Kimono;KIMONO FEMME LONG;79,99;https://tenko.fr/cdn/shop/files/Ha59ceb6798054c77a6493d5acd7a38b6y.png?v=1695819660&width=1080
Kimono;KIMONO SOIE;49,99;https://tenko.fr/cdn/shop/files/S811d723a5311405d8f12eaa0d1193b3cd.jpg?v=1698154011&width=1080
Kimono;LONG KIMONO FEMME;49,99;https://tenko.fr/cdn/shop/files/image0.jpg?v=1696935133&width=1080
Kimono;KIMONO ABAYA FEMME;54,99;https://tenko.fr/cdn/shop/files/Sbbd8b47daa97497487eabeea64843445u.jpg?v=1698154083&width=1080
Kimono;SEXY KIMONO;44,99;https://tenko.fr/cdn/shop/files/Hdbb6d8220ff948ff8d7115e29a79f15fc.jpg?v=1685016970&width=1080
Kimono;KIMONO SAMOURAI;109,99;https://tenko.fr/cdn/shop/files/Hf31e4a3013c948cf866fc41234d545a3n_16d15960-0974-45f6-b85a-f061865af36e.jpg?v=1697043079&width=1080
